mode: set
github.com/SimoKiihamaki/autodev/internal/utils/utils.go:4.28,6.2 1 1
github.com/SimoKiihamaki/autodev/internal/utils/utils.go:9.25,11.2 1 1
github.com/SimoKiihamaki/autodev/internal/config/config.go:133.24,183.2 1 1
github.com/SimoKiihamaki/autodev/internal/config/config.go:185.34,187.16 2 1
github.com/SimoKiihamaki/autodev/internal/config/config.go:187.16,189.3 1 1
github.com/SimoKiihamaki/autodev/internal/config/config.go:190.2,190.52 1 1
github.com/SimoKiihamaki/autodev/internal/config/config.go:193.29,195.16 2 1
github.com/SimoKiihamaki/autodev/internal/config/config.go:195.16,197.3 1 0
github.com/SimoKiihamaki/autodev/internal/config/config.go:198.2,198.47 1 1
github.com/SimoKiihamaki/autodev/internal/config/config.go:201.34,203.16 2 1
github.com/SimoKiihamaki/autodev/internal/config/config.go:203.16,205.3 1 0
github.com/SimoKiihamaki/autodev/internal/config/config.go:206.2,206.48 1 1
github.com/SimoKiihamaki/autodev/internal/config/config.go:206.48,208.3 1 0
github.com/SimoKiihamaki/autodev/internal/config/config.go:209.2,209.45 1 1
github.com/SimoKiihamaki/autodev/internal/config/config.go:209.45,211.3 1 0
github.com/SimoKiihamaki/autodev/internal/config/config.go:212.2,212.17 1 1
github.com/SimoKiihamaki/autodev/internal/config/config.go:217.49,221.21 2 1
github.com/SimoKiihamaki/autodev/internal/config/config.go:221.21,226.3 2 1
github.com/SimoKiihamaki/autodev/internal/config/config.go:226.8,226.58 1 1
github.com/SimoKiihamaki/autodev/internal/config/config.go:226.58,233.3 2 0
github.com/SimoKiihamaki/autodev/internal/config/config.go:235.2,235.20 1 1
github.com/SimoKiihamaki/autodev/internal/config/config.go:241.41,242.42 1 1
github.com/SimoKiihamaki/autodev/internal/config/config.go:242.42,245.22 3 1
github.com/SimoKiihamaki/autodev/internal/config/config.go:245.22,247.4 1 1
github.com/SimoKiihamaki/autodev/internal/config/config.go:248.3,248.22 1 1
github.com/SimoKiihamaki/autodev/internal/config/config.go:248.22,250.4 1 1
github.com/SimoKiihamaki/autodev/internal/config/config.go:251.3,251.22 1 1
github.com/SimoKiihamaki/autodev/internal/config/config.go:251.22,253.4 1 1
github.com/SimoKiihamaki/autodev/internal/config/config.go:254.3,254.29 1 1
github.com/SimoKiihamaki/autodev/internal/config/config.go:257.2,260.18 3 1
github.com/SimoKiihamaki/autodev/internal/config/config.go:260.18,261.18 1 1
github.com/SimoKiihamaki/autodev/internal/config/config.go:261.18,263.4 1 0
github.com/SimoKiihamaki/autodev/internal/config/config.go:264.3,264.11 1 1
github.com/SimoKiihamaki/autodev/internal/config/config.go:266.2,266.18 1 1
github.com/SimoKiihamaki/autodev/internal/config/config.go:266.18,267.18 1 0
github.com/SimoKiihamaki/autodev/internal/config/config.go:267.18,269.4 1 0
github.com/SimoKiihamaki/autodev/internal/config/config.go:270.3,270.11 1 0
github.com/SimoKiihamaki/autodev/internal/config/config.go:272.2,272.18 1 1
github.com/SimoKiihamaki/autodev/internal/config/config.go:272.18,273.18 1 0
github.com/SimoKiihamaki/autodev/internal/config/config.go:273.18,275.4 1 0
github.com/SimoKiihamaki/autodev/internal/config/config.go:276.3,276.11 1 0
github.com/SimoKiihamaki/autodev/internal/config/config.go:278.2,278.10 1 1
github.com/SimoKiihamaki/autodev/internal/config/config.go:294.20,296.42 2 1
github.com/SimoKiihamaki/autodev/internal/config/config.go:296.42,298.3 1 0
github.com/SimoKiihamaki/autodev/internal/config/config.go:299.2,299.25 1 1
github.com/SimoKiihamaki/autodev/internal/config/config.go:299.25,301.3 1 0
github.com/SimoKiihamaki/autodev/internal/config/config.go:302.2,302.22 1 1
github.com/SimoKiihamaki/autodev/internal/config/config.go:308.36,310.16 2 1
github.com/SimoKiihamaki/autodev/internal/config/config.go:310.16,315.3 1 0
github.com/SimoKiihamaki/autodev/internal/config/config.go:316.2,317.36 2 1
github.com/SimoKiihamaki/autodev/internal/config/config.go:317.36,319.3 1 1
github.com/SimoKiihamaki/autodev/internal/config/config.go:320.2,320.16 1 1
github.com/SimoKiihamaki/autodev/internal/config/config.go:320.16,325.3 1 0
github.com/SimoKiihamaki/autodev/internal/config/config.go:328.2,330.46 3 1
github.com/SimoKiihamaki/autodev/internal/config/config.go:330.46,336.3 1 0
github.com/SimoKiihamaki/autodev/internal/config/config.go:339.2,346.82 4 1
github.com/SimoKiihamaki/autodev/internal/config/config.go:346.82,347.54 1 1
github.com/SimoKiihamaki/autodev/internal/config/config.go:347.54,349.4 1 0
github.com/SimoKiihamaki/autodev/internal/config/config.go:353.2,361.25 7 1
github.com/SimoKiihamaki/autodev/internal/config/config.go:361.25,363.3 1 0
github.com/SimoKiihamaki/autodev/internal/config/config.go:366.2,366.34 1 1
github.com/SimoKiihamaki/autodev/internal/config/config.go:366.34,368.3 1 0
github.com/SimoKiihamaki/autodev/internal/config/config.go:369.2,369.40 1 1
github.com/SimoKiihamaki/autodev/internal/config/config.go:369.40,371.3 1 0
github.com/SimoKiihamaki/autodev/internal/config/config.go:372.2,372.39 1 1
github.com/SimoKiihamaki/autodev/internal/config/config.go:372.39,374.3 1 0
github.com/SimoKiihamaki/autodev/internal/config/config.go:375.2,375.36 1 1
github.com/SimoKiihamaki/autodev/internal/config/config.go:375.36,377.3 1 0
github.com/SimoKiihamaki/autodev/internal/config/config.go:378.2,378.43 1 1
github.com/SimoKiihamaki/autodev/internal/config/config.go:378.43,380.3 1 0
github.com/SimoKiihamaki/autodev/internal/config/config.go:381.2,381.45 1 1
github.com/SimoKiihamaki/autodev/internal/config/config.go:381.45,383.3 1 0
github.com/SimoKiihamaki/autodev/internal/config/config.go:384.2,384.47 1 1
github.com/SimoKiihamaki/autodev/internal/config/config.go:384.47,386.3 1 0
github.com/SimoKiihamaki/autodev/internal/config/config.go:387.2,387.29 1 1
github.com/SimoKiihamaki/autodev/internal/config/config.go:387.29,389.3 1 0
github.com/SimoKiihamaki/autodev/internal/config/config.go:390.2,390.28 1 1
github.com/SimoKiihamaki/autodev/internal/config/config.go:390.28,392.3 1 0
github.com/SimoKiihamaki/autodev/internal/config/config.go:397.2,402.39 2 1
github.com/SimoKiihamaki/autodev/internal/config/config.go:402.39,404.3 1 0
github.com/SimoKiihamaki/autodev/internal/config/config.go:405.2,405.43 1 1
github.com/SimoKiihamaki/autodev/internal/config/config.go:405.43,407.3 1 0
github.com/SimoKiihamaki/autodev/internal/config/config.go:408.2,408.43 1 1
github.com/SimoKiihamaki/autodev/internal/config/config.go:408.43,410.3 1 0
github.com/SimoKiihamaki/autodev/internal/config/config.go:411.2,411.42 1 1
github.com/SimoKiihamaki/autodev/internal/config/config.go:411.42,413.3 1 0
github.com/SimoKiihamaki/autodev/internal/config/config.go:417.2,417.25 1 1
github.com/SimoKiihamaki/autodev/internal/config/config.go:417.25,422.3 4 0
github.com/SimoKiihamaki/autodev/internal/config/config.go:425.2,425.32 1 1
github.com/SimoKiihamaki/autodev/internal/config/config.go:425.32,427.3 1 0
github.com/SimoKiihamaki/autodev/internal/config/config.go:428.2,428.29 1 1
github.com/SimoKiihamaki/autodev/internal/config/config.go:428.29,430.3 1 0
github.com/SimoKiihamaki/autodev/internal/config/config.go:431.2,431.19 1 1
github.com/SimoKiihamaki/autodev/internal/config/config.go:431.19,433.3 1 0
github.com/SimoKiihamaki/autodev/internal/config/config.go:436.2,437.16 2 1
github.com/SimoKiihamaki/autodev/internal/config/config.go:437.16,439.3 1 0
github.com/SimoKiihamaki/autodev/internal/config/config.go:439.8,441.22 2 1
github.com/SimoKiihamaki/autodev/internal/config/config.go:441.22,443.4 1 0
github.com/SimoKiihamaki/autodev/internal/config/config.go:443.9,445.4 1 1
github.com/SimoKiihamaki/autodev/internal/config/config.go:449.2,449.83 1 1
github.com/SimoKiihamaki/autodev/internal/config/config.go:449.83,451.44 2 0
github.com/SimoKiihamaki/autodev/internal/config/config.go:451.44,453.4 1 0
github.com/SimoKiihamaki/autodev/internal/config/config.go:456.3,456.34 1 0
github.com/SimoKiihamaki/autodev/internal/config/config.go:456.34,462.4 1 0
github.com/SimoKiihamaki/autodev/internal/config/config.go:465.3,466.63 2 0
github.com/SimoKiihamaki/autodev/internal/config/config.go:469.2,469.50 1 1
github.com/SimoKiihamaki/autodev/internal/config/config.go:477.27,479.2 1 1
github.com/SimoKiihamaki/autodev/internal/config/config.go:483.61,484.39 1 1
github.com/SimoKiihamaki/autodev/internal/config/config.go:484.39,486.3 1 0
github.com/SimoKiihamaki/autodev/internal/config/config.go:487.2,488.16 2 1
github.com/SimoKiihamaki/autodev/internal/config/config.go:488.16,490.3 1 0
github.com/SimoKiihamaki/autodev/internal/config/config.go:491.2,492.16 2 1
github.com/SimoKiihamaki/autodev/internal/config/config.go:492.16,494.3 1 0
github.com/SimoKiihamaki/autodev/internal/config/config.go:497.2,498.12 2 1
github.com/SimoKiihamaki/autodev/internal/config/config.go:498.12,500.3 1 1
github.com/SimoKiihamaki/autodev/internal/config/config.go:503.2,503.9 1 1
github.com/SimoKiihamaki/autodev/internal/config/config.go:504.21,505.13 1 1
github.com/SimoKiihamaki/autodev/internal/config/config.go:506.29,507.71 1 1
github.com/SimoKiihamaki/autodev/internal/config/config.go:513.32,515.32 2 1
github.com/SimoKiihamaki/autodev/internal/config/config.go:515.32,517.3 1 1
github.com/SimoKiihamaki/autodev/internal/config/config.go:518.2,518.29 1 1
github.com/SimoKiihamaki/autodev/internal/config/config.go:518.29,520.3 1 1
github.com/SimoKiihamaki/autodev/internal/config/config.go:521.2,521.25 1 1
github.com/SimoKiihamaki/autodev/internal/config/config.go:521.25,523.3 1 1
github.com/SimoKiihamaki/autodev/internal/config/config.go:526.2,526.34 1 1
github.com/SimoKiihamaki/autodev/internal/config/config.go:526.34,528.3 1 1
github.com/SimoKiihamaki/autodev/internal/config/config.go:529.2,529.40 1 1
github.com/SimoKiihamaki/autodev/internal/config/config.go:529.40,531.3 1 1
github.com/SimoKiihamaki/autodev/internal/config/config.go:532.2,532.39 1 1
github.com/SimoKiihamaki/autodev/internal/config/config.go:532.39,534.3 1 1
github.com/SimoKiihamaki/autodev/internal/config/config.go:535.2,535.36 1 1
github.com/SimoKiihamaki/autodev/internal/config/config.go:535.36,537.3 1 1
github.com/SimoKiihamaki/autodev/internal/config/config.go:538.2,538.42 1 1
github.com/SimoKiihamaki/autodev/internal/config/config.go:538.42,540.3 1 0
github.com/SimoKiihamaki/autodev/internal/config/config.go:541.2,541.43 1 1
github.com/SimoKiihamaki/autodev/internal/config/config.go:541.43,543.3 1 0
github.com/SimoKiihamaki/autodev/internal/config/config.go:544.2,544.43 1 1
github.com/SimoKiihamaki/autodev/internal/config/config.go:544.43,546.3 1 1
github.com/SimoKiihamaki/autodev/internal/config/config.go:547.2,547.45 1 1
github.com/SimoKiihamaki/autodev/internal/config/config.go:547.45,549.3 1 1
github.com/SimoKiihamaki/autodev/internal/config/config.go:550.2,550.47 1 1
github.com/SimoKiihamaki/autodev/internal/config/config.go:550.47,552.3 1 1
github.com/SimoKiihamaki/autodev/internal/config/config.go:553.2,553.29 1 1
github.com/SimoKiihamaki/autodev/internal/config/config.go:553.29,555.3 1 1
github.com/SimoKiihamaki/autodev/internal/config/config.go:556.2,556.28 1 1
github.com/SimoKiihamaki/autodev/internal/config/config.go:556.28,558.3 1 1
github.com/SimoKiihamaki/autodev/internal/config/config.go:561.2,561.39 1 1
github.com/SimoKiihamaki/autodev/internal/config/config.go:561.39,563.3 1 1
github.com/SimoKiihamaki/autodev/internal/config/config.go:564.2,564.43 1 1
github.com/SimoKiihamaki/autodev/internal/config/config.go:564.43,566.3 1 1
github.com/SimoKiihamaki/autodev/internal/config/config.go:567.2,567.43 1 1
github.com/SimoKiihamaki/autodev/internal/config/config.go:567.43,569.3 1 1
github.com/SimoKiihamaki/autodev/internal/config/config.go:570.2,570.42 1 1
github.com/SimoKiihamaki/autodev/internal/config/config.go:570.42,572.3 1 1
github.com/SimoKiihamaki/autodev/internal/config/config.go:574.2,574.19 1 1
github.com/SimoKiihamaki/autodev/internal/config/config.go:574.19,576.31 2 1
github.com/SimoKiihamaki/autodev/internal/config/config.go:576.31,578.24 2 1
github.com/SimoKiihamaki/autodev/internal/config/config.go:578.24,580.5 1 1
github.com/SimoKiihamaki/autodev/internal/config/config.go:581.4,581.23 1 1
github.com/SimoKiihamaki/autodev/internal/config/config.go:583.3,583.23 1 1
github.com/SimoKiihamaki/autodev/internal/config/config.go:585.2,585.16 1 1
github.com/SimoKiihamaki/autodev/internal/config/config.go:591.42,602.36 1 1
github.com/SimoKiihamaki/autodev/internal/config/config.go:602.36,604.3 1 0
github.com/SimoKiihamaki/autodev/internal/config/config.go:607.2,607.56 1 1
github.com/SimoKiihamaki/autodev/internal/config/config.go:607.56,609.3 1 0
github.com/SimoKiihamaki/autodev/internal/config/config.go:610.2,610.90 1 1
github.com/SimoKiihamaki/autodev/internal/config/config.go:610.90,612.3 1 1
github.com/SimoKiihamaki/autodev/internal/config/config.go:614.2,614.28 1 1
github.com/SimoKiihamaki/autodev/internal/config/config.go:614.28,616.3 1 1
github.com/SimoKiihamaki/autodev/internal/config/config.go:619.2,624.89 1 1
github.com/SimoKiihamaki/autodev/internal/config/config.go:624.89,626.3 1 0
github.com/SimoKiihamaki/autodev/internal/config/config.go:629.2,631.97 1 1
github.com/SimoKiihamaki/autodev/internal/config/config.go:631.97,633.3 1 0
github.com/SimoKiihamaki/autodev/internal/config/config.go:635.2,636.59 1 1
github.com/SimoKiihamaki/autodev/internal/config/config.go:636.59,638.3 1 0
github.com/SimoKiihamaki/autodev/internal/config/config.go:640.2,643.87 1 1
github.com/SimoKiihamaki/autodev/internal/config/config.go:643.87,645.3 1 0
github.com/SimoKiihamaki/autodev/internal/config/config.go:647.2,650.56 1 1
github.com/SimoKiihamaki/autodev/internal/config/config.go:650.56,652.3 1 0
github.com/SimoKiihamaki/autodev/internal/config/config.go:653.2,653.46 1 1
github.com/SimoKiihamaki/autodev/internal/config/config.go:653.46,655.3 1 0
github.com/SimoKiihamaki/autodev/internal/config/config.go:656.2,656.36 1 1
github.com/SimoKiihamaki/autodev/internal/config/config.go:656.36,658.3 1 0
github.com/SimoKiihamaki/autodev/internal/config/config.go:660.2,660.70 1 1
github.com/SimoKiihamaki/autodev/internal/config/config.go:660.70,662.3 1 0
github.com/SimoKiihamaki/autodev/internal/config/config.go:663.2,663.64 1 1
github.com/SimoKiihamaki/autodev/internal/config/config.go:663.64,665.3 1 0
github.com/SimoKiihamaki/autodev/internal/config/config.go:667.2,667.43 1 1
github.com/SimoKiihamaki/autodev/internal/config/config.go:667.43,669.3 1 1
github.com/SimoKiihamaki/autodev/internal/config/config.go:671.2,671.13 1 1
github.com/SimoKiihamaki/autodev/internal/config/config.go:674.44,676.32 1 1
github.com/SimoKiihamaki/autodev/internal/config/config.go:676.32,678.3 1 1
github.com/SimoKiihamaki/autodev/internal/config/config.go:679.2,679.22 1 1
github.com/SimoKiihamaki/autodev/internal/config/config.go:679.22,681.3 1 0
github.com/SimoKiihamaki/autodev/internal/config/config.go:682.2,682.19 1 1
github.com/SimoKiihamaki/autodev/internal/config/config.go:682.19,683.19 1 1
github.com/SimoKiihamaki/autodev/internal/config/config.go:683.19,685.4 1 0
github.com/SimoKiihamaki/autodev/internal/config/config.go:687.2,687.13 1 1
github.com/SimoKiihamaki/autodev/internal/config/config.go:690.53,691.22 1 1
github.com/SimoKiihamaki/autodev/internal/config/config.go:691.22,693.3 1 0
github.com/SimoKiihamaki/autodev/internal/config/config.go:694.2,694.32 1 1
github.com/SimoKiihamaki/autodev/internal/config/config.go:694.32,696.3 1 1
github.com/SimoKiihamaki/autodev/internal/config/config.go:697.2,697.28 1 1
github.com/SimoKiihamaki/autodev/internal/config/config.go:697.28,699.10 2 1
github.com/SimoKiihamaki/autodev/internal/config/config.go:699.10,701.4 1 0
github.com/SimoKiihamaki/autodev/internal/config/config.go:702.3,702.49 1 1
github.com/SimoKiihamaki/autodev/internal/config/config.go:702.49,704.4 1 0
github.com/SimoKiihamaki/autodev/internal/config/config.go:705.3,705.50 1 1
github.com/SimoKiihamaki/autodev/internal/config/config.go:705.50,707.4 1 1
github.com/SimoKiihamaki/autodev/internal/config/config.go:709.2,709.13 1 1
github.com/SimoKiihamaki/autodev/internal/config/config.go:712.38,713.30 1 1
github.com/SimoKiihamaki/autodev/internal/config/config.go:713.30,715.3 1 1
github.com/SimoKiihamaki/autodev/internal/config/config.go:716.2,716.30 1 1
github.com/SimoKiihamaki/autodev/internal/config/config.go:716.30,718.3 1 1
github.com/SimoKiihamaki/autodev/internal/config/config.go:719.2,719.19 1 1
github.com/SimoKiihamaki/autodev/internal/config/config.go:725.49,726.32 1 0
github.com/SimoKiihamaki/autodev/internal/config/config.go:726.32,728.3 1 0
github.com/SimoKiihamaki/autodev/internal/config/config.go:729.2,729.54 1 0
github.com/SimoKiihamaki/autodev/internal/config/config.go:734.46,735.29 1 0
github.com/SimoKiihamaki/autodev/internal/config/config.go:735.29,737.3 1 0
github.com/SimoKiihamaki/autodev/internal/config/config.go:738.2,738.51 1 0
github.com/SimoKiihamaki/autodev/internal/config/config.go:742.25,744.2 1 1
github.com/SimoKiihamaki/autodev/internal/config/config.go:749.39,750.26 1 1
github.com/SimoKiihamaki/autodev/internal/config/config.go:750.26,752.3 1 1
github.com/SimoKiihamaki/autodev/internal/config/config.go:753.2,753.26 1 1
github.com/SimoKiihamaki/autodev/internal/config/config.go:753.26,755.3 1 0
github.com/SimoKiihamaki/autodev/internal/config/config.go:756.2,756.17 1 1
github.com/SimoKiihamaki/autodev/internal/config/config.go:773.60,780.2 2 1
github.com/SimoKiihamaki/autodev/internal/config/config.go:783.62,789.2 1 1
github.com/SimoKiihamaki/autodev/internal/config/config.go:792.59,798.2 1 1
github.com/SimoKiihamaki/autodev/internal/config/config.go:801.55,803.33 2 1
github.com/SimoKiihamaki/autodev/internal/config/config.go:803.33,804.32 1 1
github.com/SimoKiihamaki/autodev/internal/config/config.go:804.32,806.4 1 1
github.com/SimoKiihamaki/autodev/internal/config/config.go:808.2,808.13 1 1
github.com/SimoKiihamaki/autodev/internal/config/config.go:812.57,814.33 2 1
github.com/SimoKiihamaki/autodev/internal/config/config.go:814.33,815.34 1 1
github.com/SimoKiihamaki/autodev/internal/config/config.go:815.34,817.4 1 1
github.com/SimoKiihamaki/autodev/internal/config/config.go:819.2,819.14 1 1
github.com/SimoKiihamaki/autodev/internal/config/config.go:824.55,828.69 2 1
github.com/SimoKiihamaki/autodev/internal/config/config.go:828.69,830.3 1 1
github.com/SimoKiihamaki/autodev/internal/config/config.go:833.2,833.55 1 1
github.com/SimoKiihamaki/autodev/internal/config/config.go:833.55,835.3 1 1
github.com/SimoKiihamaki/autodev/internal/config/config.go:838.2,838.43 1 1
github.com/SimoKiihamaki/autodev/internal/config/config.go:838.43,840.3 1 1
github.com/SimoKiihamaki/autodev/internal/config/config.go:843.2,843.77 1 1
github.com/SimoKiihamaki/autodev/internal/config/config.go:843.77,848.61 3 1
github.com/SimoKiihamaki/autodev/internal/config/config.go:848.61,850.4 1 1
github.com/SimoKiihamaki/autodev/internal/config/config.go:854.2,854.77 1 1
github.com/SimoKiihamaki/autodev/internal/config/config.go:854.77,856.3 1 1
github.com/SimoKiihamaki/autodev/internal/config/config.go:859.2,859.36 1 1
github.com/SimoKiihamaki/autodev/internal/config/config.go:859.36,860.36 1 1
github.com/SimoKiihamaki/autodev/internal/config/config.go:860.36,862.4 1 1
github.com/SimoKiihamaki/autodev/internal/config/config.go:862.9,862.44 1 1
github.com/SimoKiihamaki/autodev/internal/config/config.go:862.44,864.4 1 1
github.com/SimoKiihamaki/autodev/internal/config/config.go:868.2,868.92 1 1
github.com/SimoKiihamaki/autodev/internal/config/config.go:868.92,870.3 1 1
github.com/SimoKiihamaki/autodev/internal/config/config.go:873.2,873.80 1 1
github.com/SimoKiihamaki/autodev/internal/config/config.go:873.80,875.3 1 1
github.com/SimoKiihamaki/autodev/internal/config/config.go:876.2,876.82 1 1
github.com/SimoKiihamaki/autodev/internal/config/config.go:876.82,878.3 1 1
github.com/SimoKiihamaki/autodev/internal/config/config.go:881.2,881.119 1 1
github.com/SimoKiihamaki/autodev/internal/config/config.go:881.119,883.3 1 1
github.com/SimoKiihamaki/autodev/internal/config/config.go:884.2,884.122 1 1
github.com/SimoKiihamaki/autodev/internal/config/config.go:884.122,886.3 1 1
github.com/SimoKiihamaki/autodev/internal/config/config.go:889.2,889.28 1 1
github.com/SimoKiihamaki/autodev/internal/config/config.go:889.28,892.70 2 1
github.com/SimoKiihamaki/autodev/internal/config/config.go:892.70,894.4 1 1
github.com/SimoKiihamaki/autodev/internal/config/config.go:895.3,896.68 1 1
github.com/SimoKiihamaki/autodev/internal/config/config.go:896.68,898.4 1 1
github.com/SimoKiihamaki/autodev/internal/config/config.go:899.3,900.58 1 1
github.com/SimoKiihamaki/autodev/internal/config/config.go:900.58,902.4 1 1
github.com/SimoKiihamaki/autodev/internal/config/config.go:906.2,912.38 2 1
github.com/SimoKiihamaki/autodev/internal/config/config.go:912.38,914.3 1 1
github.com/SimoKiihamaki/autodev/internal/config/config.go:917.2,922.49 2 1
github.com/SimoKiihamaki/autodev/internal/config/config.go:922.49,924.3 1 1
github.com/SimoKiihamaki/autodev/internal/config/config.go:925.2,925.43 1 1
github.com/SimoKiihamaki/autodev/internal/config/config.go:925.43,927.3 1 1
github.com/SimoKiihamaki/autodev/internal/config/config.go:928.2,928.42 1 1
github.com/SimoKiihamaki/autodev/internal/config/config.go:928.42,930.3 1 1
github.com/SimoKiihamaki/autodev/internal/config/config.go:931.2,931.49 1 1
github.com/SimoKiihamaki/autodev/internal/config/config.go:931.49,933.3 1 1
github.com/SimoKiihamaki/autodev/internal/config/config.go:936.2,943.50 2 1
github.com/SimoKiihamaki/autodev/internal/config/config.go:943.50,945.3 1 1
github.com/SimoKiihamaki/autodev/internal/config/config.go:948.2,948.86 1 1
github.com/SimoKiihamaki/autodev/internal/config/config.go:948.86,950.3 1 1
github.com/SimoKiihamaki/autodev/internal/config/config.go:951.2,951.91 1 1
github.com/SimoKiihamaki/autodev/internal/config/config.go:951.91,953.3 1 0
github.com/SimoKiihamaki/autodev/internal/config/config.go:956.2,956.55 1 1
github.com/SimoKiihamaki/autodev/internal/config/config.go:956.55,958.3 1 1
github.com/SimoKiihamaki/autodev/internal/config/config.go:959.2,959.63 1 1
github.com/SimoKiihamaki/autodev/internal/config/config.go:959.63,961.3 1 1
github.com/SimoKiihamaki/autodev/internal/config/config.go:963.2,963.15 1 1
github.com/SimoKiihamaki/autodev/internal/config/config.go:977.45,978.16 1 1
github.com/SimoKiihamaki/autodev/internal/config/config.go:978.16,980.3 1 1
github.com/SimoKiihamaki/autodev/internal/config/config.go:983.2,983.98 1 1
github.com/SimoKiihamaki/autodev/internal/config/config.go:983.98,985.3 1 1
github.com/SimoKiihamaki/autodev/internal/config/config.go:987.2,987.102 1 1
github.com/SimoKiihamaki/autodev/internal/config/config.go:987.102,989.3 1 1
github.com/SimoKiihamaki/autodev/internal/config/config.go:998.2,999.42 2 1
github.com/SimoKiihamaki/autodev/internal/config/config.go:999.42,1000.38 1 1
github.com/SimoKiihamaki/autodev/internal/config/config.go:1000.38,1002.4 1 1
github.com/SimoKiihamaki/autodev/internal/config/config.go:1006.2,1007.25 2 1
github.com/SimoKiihamaki/autodev/internal/config/config.go:1007.25,1008.40 1 1
github.com/SimoKiihamaki/autodev/internal/config/config.go:1008.40,1009.20 1 1
github.com/SimoKiihamaki/autodev/internal/config/config.go:1009.20,1011.5 1 1
github.com/SimoKiihamaki/autodev/internal/config/config.go:1014.3,1014.25 1 1
github.com/SimoKiihamaki/autodev/internal/config/config.go:1014.25,1016.4 1 0
github.com/SimoKiihamaki/autodev/internal/config/config.go:1020.2,1020.21 1 1
github.com/SimoKiihamaki/autodev/internal/config/config.go:1020.21,1022.3 1 0
github.com/SimoKiihamaki/autodev/internal/config/config.go:1024.2,1024.13 1 1
github.com/SimoKiihamaki/autodev/cmd/api/main.go:18.13,20.16 2 0
github.com/SimoKiihamaki/autodev/cmd/api/main.go:20.16,22.3 1 0
github.com/SimoKiihamaki/autodev/cmd/api/main.go:23.2,32.12 6 0
github.com/SimoKiihamaki/autodev/cmd/api/main.go:32.12,34.71 2 0
github.com/SimoKiihamaki/autodev/cmd/api/main.go:34.71,37.4 2 0
github.com/SimoKiihamaki/autodev/cmd/api/main.go:41.2,41.9 1 0
github.com/SimoKiihamaki/autodev/cmd/api/main.go:42.20,42.20 0 0
github.com/SimoKiihamaki/autodev/cmd/api/main.go:44.22,46.47 1 0
github.com/SimoKiihamaki/autodev/cmd/api/main.go:49.2,52.53 3 0
github.com/SimoKiihamaki/autodev/cmd/api/main.go:52.53,55.3 2 0
github.com/SimoKiihamaki/autodev/cmd/api/main.go:57.2,57.41 1 0
github.com/SimoKiihamaki/autodev/internal/api/router.go:11.45,21.2 7 1
github.com/SimoKiihamaki/autodev/internal/api/router.go:23.60,28.2 3 1
github.com/SimoKiihamaki/autodev/internal/api/server.go:31.55,32.20 1 1
github.com/SimoKiihamaki/autodev/internal/api/server.go:32.20,34.3 1 1
github.com/SimoKiihamaki/autodev/internal/api/server.go:36.2,46.43 3 1
github.com/SimoKiihamaki/autodev/internal/api/server.go:50.32,52.2 1 0
github.com/SimoKiihamaki/autodev/internal/api/server.go:55.54,57.2 1 1
github.com/SimoKiihamaki/autodev/internal/api/server.go:60.54,62.2 1 1
github.com/SimoKiihamaki/autodev/internal/api/server.go:65.32,67.2 1 1
github.com/SimoKiihamaki/autodev/internal/api/server.go:70.41,72.2 1 1
github.com/SimoKiihamaki/autodev/internal/api/server.go:74.70,75.20 1 1
github.com/SimoKiihamaki/autodev/internal/api/server.go:75.20,77.3 1 1
github.com/SimoKiihamaki/autodev/internal/api/server.go:78.2,78.18 1 1
github.com/SimoKiihamaki/autodev/cmd/aprd/main.go:11.13,15.16 4 0
github.com/SimoKiihamaki/autodev/cmd/aprd/main.go:15.16,18.3 2 0
github.com/SimoKiihamaki/autodev/cmd/aprd/main.go:23.2,23.35 1 0
github.com/SimoKiihamaki/autodev/internal/runner/proc_unix.go:11.39,13.2 1 1
github.com/SimoKiihamaki/autodev/internal/runner/proc_unix.go:15.44,16.82 1 1
github.com/SimoKiihamaki/autodev/internal/runner/proc_unix.go:16.82,18.3 1 1
github.com/SimoKiihamaki/autodev/internal/runner/proc_unix.go:19.2,19.71 1 1
github.com/SimoKiihamaki/autodev/internal/runner/proc_unix.go:19.71,20.52 1 1
github.com/SimoKiihamaki/autodev/internal/runner/proc_unix.go:20.52,22.4 1 1
github.com/SimoKiihamaki/autodev/internal/runner/proc_unix.go:23.3,23.13 1 0
github.com/SimoKiihamaki/autodev/internal/runner/proc_unix.go:25.2,25.12 1 0
github.com/SimoKiihamaki/autodev/internal/runner/proc_unix.go:28.44,29.82 1 1
github.com/SimoKiihamaki/autodev/internal/runner/proc_unix.go:29.82,31.3 1 1
github.com/SimoKiihamaki/autodev/internal/runner/proc_unix.go:32.2,32.72 1 1
github.com/SimoKiihamaki/autodev/internal/runner/proc_unix.go:32.72,33.52 1 1
github.com/SimoKiihamaki/autodev/internal/runner/proc_unix.go:33.52,35.4 1 1
github.com/SimoKiihamaki/autodev/internal/runner/proc_unix.go:36.3,36.13 1 0
github.com/SimoKiihamaki/autodev/internal/runner/proc_unix.go:38.2,38.12 1 0
github.com/SimoKiihamaki/autodev/internal/runner/proc_unix.go:43.50,44.17 1 1
github.com/SimoKiihamaki/autodev/internal/runner/proc_unix.go:44.17,46.3 1 1
github.com/SimoKiihamaki/autodev/internal/runner/proc_unix.go:47.2,47.64 1 1
github.com/SimoKiihamaki/autodev/internal/runner/proc_unix.go:47.64,48.52 1 1
github.com/SimoKiihamaki/autodev/internal/runner/proc_unix.go:48.52,50.4 1 1
github.com/SimoKiihamaki/autodev/internal/runner/proc_unix.go:51.3,51.13 1 0
github.com/SimoKiihamaki/autodev/internal/runner/proc_unix.go:53.2,53.12 1 1
github.com/SimoKiihamaki/autodev/internal/runner/proc_unix.go:58.50,59.17 1 1
github.com/SimoKiihamaki/autodev/internal/runner/proc_unix.go:59.17,61.3 1 1
github.com/SimoKiihamaki/autodev/internal/runner/proc_unix.go:62.2,62.65 1 1
github.com/SimoKiihamaki/autodev/internal/runner/proc_unix.go:62.65,63.52 1 1
github.com/SimoKiihamaki/autodev/internal/runner/proc_unix.go:63.52,65.4 1 1
github.com/SimoKiihamaki/autodev/internal/runner/proc_unix.go:66.3,66.13 1 0
github.com/SimoKiihamaki/autodev/internal/runner/proc_unix.go:68.2,68.12 1 0
github.com/SimoKiihamaki/autodev/internal/runner/runner.go:25.26,28.3 2 1
github.com/SimoKiihamaki/autodev/internal/runner/runner.go:38.43,44.30 3 1
github.com/SimoKiihamaki/autodev/internal/runner/runner.go:44.30,46.3 1 0
github.com/SimoKiihamaki/autodev/internal/runner/runner.go:48.2,49.42 2 1
github.com/SimoKiihamaki/autodev/internal/runner/runner.go:49.42,51.3 1 1
github.com/SimoKiihamaki/autodev/internal/runner/runner.go:52.2,52.50 1 1
github.com/SimoKiihamaki/autodev/internal/runner/runner.go:56.45,57.29 1 1
github.com/SimoKiihamaki/autodev/internal/runner/runner.go:57.29,59.19 1 1
github.com/SimoKiihamaki/autodev/internal/runner/runner.go:59.19,61.4 1 1
github.com/SimoKiihamaki/autodev/internal/runner/runner.go:63.3,63.37 1 1
github.com/SimoKiihamaki/autodev/internal/runner/runner.go:63.37,65.4 1 0
github.com/SimoKiihamaki/autodev/internal/runner/runner.go:67.3,67.29 1 1
github.com/SimoKiihamaki/autodev/internal/runner/runner.go:67.29,69.4 1 0
github.com/SimoKiihamaki/autodev/internal/runner/runner.go:71.2,71.14 1 1
github.com/SimoKiihamaki/autodev/internal/runner/runner.go:110.46,111.17 1 1
github.com/SimoKiihamaki/autodev/internal/runner/runner.go:111.17,113.3 1 1
github.com/SimoKiihamaki/autodev/internal/runner/runner.go:114.2,114.9 1 1
github.com/SimoKiihamaki/autodev/internal/runner/runner.go:115.20,116.14 1 1
github.com/SimoKiihamaki/autodev/internal/runner/runner.go:117.10,118.15 1 1
github.com/SimoKiihamaki/autodev/internal/runner/runner.go:122.42,124.2 1 1
github.com/SimoKiihamaki/autodev/internal/runner/runner.go:130.66,131.37 1 1
github.com/SimoKiihamaki/autodev/internal/runner/runner.go:131.37,132.26 1 1
github.com/SimoKiihamaki/autodev/internal/runner/runner.go:132.27,132.28 0 1
github.com/SimoKiihamaki/autodev/internal/runner/runner.go:134.2,135.16 2 1
github.com/SimoKiihamaki/autodev/internal/runner/runner.go:135.16,137.3 1 1
github.com/SimoKiihamaki/autodev/internal/runner/runner.go:141.2,142.16 2 1
github.com/SimoKiihamaki/autodev/internal/runner/runner.go:142.16,144.3 1 0
github.com/SimoKiihamaki/autodev/internal/runner/runner.go:145.2,146.51 2 1
github.com/SimoKiihamaki/autodev/internal/runner/runner.go:146.51,148.3 1 0
github.com/SimoKiihamaki/autodev/internal/runner/runner.go:150.2,152.87 3 1
github.com/SimoKiihamaki/autodev/internal/runner/runner.go:152.87,154.3 1 0
github.com/SimoKiihamaki/autodev/internal/runner/runner.go:155.2,155.20 1 1
github.com/SimoKiihamaki/autodev/internal/runner/runner.go:155.20,156.67 1 1
github.com/SimoKiihamaki/autodev/internal/runner/runner.go:156.67,159.4 1 0
github.com/SimoKiihamaki/autodev/internal/runner/runner.go:161.2,161.30 1 1
github.com/SimoKiihamaki/autodev/internal/runner/runner.go:178.111,180.33 1 1
github.com/SimoKiihamaki/autodev/internal/runner/runner.go:180.33,182.3 1 0
github.com/SimoKiihamaki/autodev/internal/runner/runner.go:184.2,188.36 2 1
github.com/SimoKiihamaki/autodev/internal/runner/runner.go:188.36,189.39 1 1
github.com/SimoKiihamaki/autodev/internal/runner/runner.go:189.39,191.4 1 1
github.com/SimoKiihamaki/autodev/internal/runner/runner.go:195.2,195.20 1 1
github.com/SimoKiihamaki/autodev/internal/runner/runner.go:195.20,197.32 1 1
github.com/SimoKiihamaki/autodev/internal/runner/runner.go:197.32,199.4 1 0
github.com/SimoKiihamaki/autodev/internal/runner/runner.go:203.3,204.17 2 1
github.com/SimoKiihamaki/autodev/internal/runner/runner.go:204.17,206.4 1 0
github.com/SimoKiihamaki/autodev/internal/runner/runner.go:207.3,207.30 1 1
github.com/SimoKiihamaki/autodev/internal/runner/runner.go:207.30,209.4 1 0
github.com/SimoKiihamaki/autodev/internal/runner/runner.go:211.3,211.85 1 1
github.com/SimoKiihamaki/autodev/internal/runner/runner.go:211.85,212.33 1 1
github.com/SimoKiihamaki/autodev/internal/runner/runner.go:212.33,213.36 1 1
github.com/SimoKiihamaki/autodev/internal/runner/runner.go:213.36,215.6 1 1
github.com/SimoKiihamaki/autodev/internal/runner/runner.go:217.4,217.92 1 0
github.com/SimoKiihamaki/autodev/internal/runner/runner.go:219.3,219.13 1 1
github.com/SimoKiihamaki/autodev/internal/runner/runner.go:222.2,222.31 1 0
github.com/SimoKiihamaki/autodev/internal/runner/runner.go:222.31,223.34 1 0
github.com/SimoKiihamaki/autodev/internal/runner/runner.go:223.34,225.4 1 0
github.com/SimoKiihamaki/autodev/internal/runner/runner.go:229.2,230.131 1 0
github.com/SimoKiihamaki/autodev/internal/runner/runner.go:235.58,236.57 1 1
github.com/SimoKiihamaki/autodev/internal/runner/runner.go:236.57,237.17 1 1
github.com/SimoKiihamaki/autodev/internal/runner/runner.go:237.17,239.4 1 0
github.com/SimoKiihamaki/autodev/internal/runner/runner.go:240.3,241.34 2 1
github.com/SimoKiihamaki/autodev/internal/runner/runner.go:241.34,243.4 1 1
github.com/SimoKiihamaki/autodev/internal/runner/runner.go:244.3,245.17 2 1
github.com/SimoKiihamaki/autodev/internal/runner/runner.go:245.17,247.4 1 0
github.com/SimoKiihamaki/autodev/internal/runner/runner.go:248.3,248.29 1 1
github.com/SimoKiihamaki/autodev/internal/runner/runner.go:251.2,257.50 3 1
github.com/SimoKiihamaki/autodev/internal/runner/runner.go:257.50,259.3 1 1
github.com/SimoKiihamaki/autodev/internal/runner/runner.go:262.2,262.49 1 1
github.com/SimoKiihamaki/autodev/internal/runner/runner.go:262.49,263.69 1 1
github.com/SimoKiihamaki/autodev/internal/runner/runner.go:263.69,267.39 4 1
github.com/SimoKiihamaki/autodev/internal/runner/runner.go:267.39,270.5 2 1
github.com/SimoKiihamaki/autodev/internal/runner/runner.go:271.4,271.34 1 1
github.com/SimoKiihamaki/autodev/internal/runner/runner.go:271.34,273.5 1 1
github.com/SimoKiihamaki/autodev/internal/runner/runner.go:278.2,278.56 1 1
github.com/SimoKiihamaki/autodev/internal/runner/runner.go:278.56,280.50 2 0
github.com/SimoKiihamaki/autodev/internal/runner/runner.go:280.50,282.18 2 0
github.com/SimoKiihamaki/autodev/internal/runner/runner.go:282.18,283.13 1 0
github.com/SimoKiihamaki/autodev/internal/runner/runner.go:285.4,285.24 1 0
github.com/SimoKiihamaki/autodev/internal/runner/runner.go:290.2,290.16 1 1
github.com/SimoKiihamaki/autodev/internal/runner/runner.go:290.16,291.47 1 1
github.com/SimoKiihamaki/autodev/internal/runner/runner.go:291.47,293.4 1 0
github.com/SimoKiihamaki/autodev/internal/runner/runner.go:296.2,297.24 2 1
github.com/SimoKiihamaki/autodev/internal/runner/runner.go:297.24,299.3 1 1
github.com/SimoKiihamaki/autodev/internal/runner/runner.go:300.2,300.15 1 1
github.com/SimoKiihamaki/autodev/internal/runner/runner.go:303.50,304.34 1 1
github.com/SimoKiihamaki/autodev/internal/runner/runner.go:304.34,306.17 2 1
github.com/SimoKiihamaki/autodev/internal/runner/runner.go:306.17,307.12 1 0
github.com/SimoKiihamaki/autodev/internal/runner/runner.go:309.3,310.17 2 1
github.com/SimoKiihamaki/autodev/internal/runner/runner.go:310.17,311.12 1 1
github.com/SimoKiihamaki/autodev/internal/runner/runner.go:313.3,314.20 2 1
github.com/SimoKiihamaki/autodev/internal/runner/runner.go:314.20,316.4 1 1
github.com/SimoKiihamaki/autodev/internal/runner/runner.go:317.3,317.43 1 1
github.com/SimoKiihamaki/autodev/internal/runner/runner.go:317.43,319.4 1 1
github.com/SimoKiihamaki/autodev/internal/runner/runner.go:321.2,321.11 1 0
github.com/SimoKiihamaki/autodev/internal/runner/runner.go:324.39,326.6 2 1
github.com/SimoKiihamaki/autodev/internal/runner/runner.go:326.6,328.45 2 1
github.com/SimoKiihamaki/autodev/internal/runner/runner.go:328.45,329.67 1 1
github.com/SimoKiihamaki/autodev/internal/runner/runner.go:329.67,331.5 1 1
github.com/SimoKiihamaki/autodev/internal/runner/runner.go:332.4,332.18 1 0
github.com/SimoKiihamaki/autodev/internal/runner/runner.go:334.3,335.24 2 1
github.com/SimoKiihamaki/autodev/internal/runner/runner.go:335.24,336.9 1 1
github.com/SimoKiihamaki/autodev/internal/runner/runner.go:338.3,338.19 1 1
github.com/SimoKiihamaki/autodev/internal/runner/runner.go:340.2,340.11 1 1
github.com/SimoKiihamaki/autodev/internal/runner/runner.go:344.69,346.32 1 1
github.com/SimoKiihamaki/autodev/internal/runner/runner.go:346.32,348.17 2 1
github.com/SimoKiihamaki/autodev/internal/runner/runner.go:348.17,350.4 1 0
github.com/SimoKiihamaki/autodev/internal/runner/runner.go:351.3,351.23 1 1
github.com/SimoKiihamaki/autodev/internal/runner/runner.go:355.2,355.20 1 1
github.com/SimoKiihamaki/autodev/internal/runner/runner.go:355.20,357.3 1 0
github.com/SimoKiihamaki/autodev/internal/runner/runner.go:360.2,362.16 3 1
github.com/SimoKiihamaki/autodev/internal/runner/runner.go:362.16,364.3 1 0
github.com/SimoKiihamaki/autodev/internal/runner/runner.go:366.2,367.16 2 1
github.com/SimoKiihamaki/autodev/internal/runner/runner.go:367.16,369.3 1 0
github.com/SimoKiihamaki/autodev/internal/runner/runner.go:370.2,370.22 1 1
github.com/SimoKiihamaki/autodev/internal/runner/runner.go:400.106,405.24 3 1
github.com/SimoKiihamaki/autodev/internal/runner/runner.go:405.24,408.17 3 1
github.com/SimoKiihamaki/autodev/internal/runner/runner.go:408.17,410.4 1 0
github.com/SimoKiihamaki/autodev/internal/runner/runner.go:414.2,415.16 2 1
github.com/SimoKiihamaki/autodev/internal/runner/runner.go:415.16,417.3 1 0
github.com/SimoKiihamaki/autodev/internal/runner/runner.go:435.2,436.32 2 1
github.com/SimoKiihamaki/autodev/internal/runner/runner.go:436.32,438.3 1 0
github.com/SimoKiihamaki/autodev/internal/runner/runner.go:441.2,441.100 1 1
github.com/SimoKiihamaki/autodev/internal/runner/runner.go:441.100,443.3 1 0
github.com/SimoKiihamaki/autodev/internal/runner/runner.go:445.2,447.24 3 1
github.com/SimoKiihamaki/autodev/internal/runner/runner.go:447.24,449.3 1 1
github.com/SimoKiihamaki/autodev/internal/runner/runner.go:450.2,450.26 1 1
github.com/SimoKiihamaki/autodev/internal/runner/runner.go:450.26,452.3 1 1
github.com/SimoKiihamaki/autodev/internal/runner/runner.go:453.2,453.22 1 1
github.com/SimoKiihamaki/autodev/internal/runner/runner.go:453.22,455.3 1 1
github.com/SimoKiihamaki/autodev/internal/runner/runner.go:456.2,456.26 1 1
github.com/SimoKiihamaki/autodev/internal/runner/runner.go:456.26,458.3 1 1
github.com/SimoKiihamaki/autodev/internal/runner/runner.go:459.2,459.22 1 1
github.com/SimoKiihamaki/autodev/internal/runner/runner.go:459.22,461.3 1 1
github.com/SimoKiihamaki/autodev/internal/runner/runner.go:462.2,462.23 1 1
github.com/SimoKiihamaki/autodev/internal/runner/runner.go:462.23,464.3 1 1
github.com/SimoKiihamaki/autodev/internal/runner/runner.go:465.2,465.31 1 1
github.com/SimoKiihamaki/autodev/internal/runner/runner.go:465.31,467.3 1 1
github.com/SimoKiihamaki/autodev/internal/runner/runner.go:468.2,468.27 1 1
github.com/SimoKiihamaki/autodev/internal/runner/runner.go:468.27,470.3 1 1
github.com/SimoKiihamaki/autodev/internal/runner/runner.go:473.2,473.23 1 1
github.com/SimoKiihamaki/autodev/internal/runner/runner.go:473.23,475.42 2 1
github.com/SimoKiihamaki/autodev/internal/runner/runner.go:475.42,477.4 1 1
github.com/SimoKiihamaki/autodev/internal/runner/runner.go:478.3,478.46 1 1
github.com/SimoKiihamaki/autodev/internal/runner/runner.go:478.46,480.4 1 1
github.com/SimoKiihamaki/autodev/internal/runner/runner.go:481.3,481.29 1 1
github.com/SimoKiihamaki/autodev/internal/runner/runner.go:481.29,483.4 1 0
github.com/SimoKiihamaki/autodev/internal/runner/runner.go:483.9,485.4 1 1
github.com/SimoKiihamaki/autodev/internal/runner/runner.go:486.3,486.32 1 1
github.com/SimoKiihamaki/autodev/internal/runner/runner.go:486.32,488.4 1 1
github.com/SimoKiihamaki/autodev/internal/runner/runner.go:489.3,489.31 1 1
github.com/SimoKiihamaki/autodev/internal/runner/runner.go:489.31,491.4 1 1
github.com/SimoKiihamaki/autodev/internal/runner/runner.go:492.3,492.46 1 1
github.com/SimoKiihamaki/autodev/internal/runner/runner.go:492.46,494.4 1 1
github.com/SimoKiihamaki/autodev/internal/runner/runner.go:495.3,495.45 1 1
github.com/SimoKiihamaki/autodev/internal/runner/runner.go:495.45,497.4 1 1
github.com/SimoKiihamaki/autodev/internal/runner/runner.go:501.2,501.68 1 1
github.com/SimoKiihamaki/autodev/internal/runner/runner.go:501.68,503.3 1 1
github.com/SimoKiihamaki/autodev/internal/runner/runner.go:504.2,504.80 1 1
github.com/SimoKiihamaki/autodev/internal/runner/runner.go:504.80,506.3 1 1
github.com/SimoKiihamaki/autodev/internal/runner/runner.go:507.2,507.78 1 1
github.com/SimoKiihamaki/autodev/internal/runner/runner.go:507.78,509.3 1 1
github.com/SimoKiihamaki/autodev/internal/runner/runner.go:510.2,510.72 1 1
github.com/SimoKiihamaki/autodev/internal/runner/runner.go:510.72,512.3 1 1
github.com/SimoKiihamaki/autodev/internal/runner/runner.go:515.2,515.28 1 1
github.com/SimoKiihamaki/autodev/internal/runner/runner.go:515.28,517.26 2 1
github.com/SimoKiihamaki/autodev/internal/runner/runner.go:517.26,519.4 1 1
github.com/SimoKiihamaki/autodev/internal/runner/runner.go:520.3,520.23 1 1
github.com/SimoKiihamaki/autodev/internal/runner/runner.go:520.23,522.4 1 1
github.com/SimoKiihamaki/autodev/internal/runner/runner.go:523.3,523.30 1 1
github.com/SimoKiihamaki/autodev/internal/runner/runner.go:523.30,525.4 1 1
github.com/SimoKiihamaki/autodev/internal/runner/runner.go:526.3,526.22 1 1
github.com/SimoKiihamaki/autodev/internal/runner/runner.go:526.22,528.4 1 1
github.com/SimoKiihamaki/autodev/internal/runner/runner.go:532.2,532.30 1 1
github.com/SimoKiihamaki/autodev/internal/runner/runner.go:532.30,534.3 1 1
github.com/SimoKiihamaki/autodev/internal/runner/runner.go:537.2,537.27 1 1
github.com/SimoKiihamaki/autodev/internal/runner/runner.go:537.27,539.3 1 1
github.com/SimoKiihamaki/autodev/internal/runner/runner.go:541.2,541.23 1 1
github.com/SimoKiihamaki/autodev/internal/runner/runner.go:541.23,543.3 1 1
github.com/SimoKiihamaki/autodev/internal/runner/runner.go:545.2,546.17 2 1
github.com/SimoKiihamaki/autodev/internal/runner/runner.go:546.17,548.3 1 1
github.com/SimoKiihamaki/autodev/internal/runner/runner.go:549.2,549.17 1 1
github.com/SimoKiihamaki/autodev/internal/runner/runner.go:549.17,551.3 1 0
github.com/SimoKiihamaki/autodev/internal/runner/runner.go:552.2,555.26 3 1
github.com/SimoKiihamaki/autodev/internal/runner/runner.go:561.52,565.80 2 1
github.com/SimoKiihamaki/autodev/internal/runner/runner.go:565.80,567.3 1 0
github.com/SimoKiihamaki/autodev/internal/runner/runner.go:569.2,569.43 1 1
github.com/SimoKiihamaki/autodev/internal/runner/runner.go:569.43,571.26 2 1
github.com/SimoKiihamaki/autodev/internal/runner/runner.go:571.26,573.4 1 1
github.com/SimoKiihamaki/autodev/internal/runner/runner.go:574.3,574.30 1 1
github.com/SimoKiihamaki/autodev/internal/runner/runner.go:574.30,576.4 1 1
github.com/SimoKiihamaki/autodev/internal/runner/runner.go:577.3,577.40 1 1
github.com/SimoKiihamaki/autodev/internal/runner/runner.go:577.40,579.4 1 1
github.com/SimoKiihamaki/autodev/internal/runner/runner.go:580.3,580.64 1 1
github.com/SimoKiihamaki/autodev/internal/runner/runner.go:580.64,582.4 1 1
github.com/SimoKiihamaki/autodev/internal/runner/runner.go:585.2,586.16 2 1
github.com/SimoKiihamaki/autodev/internal/runner/runner.go:586.16,588.3 1 0
github.com/SimoKiihamaki/autodev/internal/runner/runner.go:593.2,607.30 3 1
github.com/SimoKiihamaki/autodev/internal/runner/runner.go:607.30,609.3 1 1
github.com/SimoKiihamaki/autodev/internal/runner/runner.go:611.2,611.106 1 1
github.com/SimoKiihamaki/autodev/internal/runner/runner.go:611.106,613.3 1 1
github.com/SimoKiihamaki/autodev/internal/runner/runner.go:614.2,614.100 1 1
github.com/SimoKiihamaki/autodev/internal/runner/runner.go:614.100,616.3 1 1
github.com/SimoKiihamaki/autodev/internal/runner/runner.go:617.2,617.99 1 1
github.com/SimoKiihamaki/autodev/internal/runner/runner.go:617.99,619.3 1 0
github.com/SimoKiihamaki/autodev/internal/runner/runner.go:620.2,620.106 1 1
github.com/SimoKiihamaki/autodev/internal/runner/runner.go:620.106,622.3 1 1
github.com/SimoKiihamaki/autodev/internal/runner/runner.go:624.2,624.27 1 1
github.com/SimoKiihamaki/autodev/internal/runner/runner.go:624.27,628.3 2 1
github.com/SimoKiihamaki/autodev/internal/runner/runner.go:631.2,631.84 1 1
github.com/SimoKiihamaki/autodev/internal/runner/runner.go:631.84,633.3 1 1
github.com/SimoKiihamaki/autodev/internal/runner/runner.go:634.2,634.86 1 1
github.com/SimoKiihamaki/autodev/internal/runner/runner.go:634.86,636.3 1 1
github.com/SimoKiihamaki/autodev/internal/runner/runner.go:638.2,649.16 5 1
github.com/SimoKiihamaki/autodev/internal/runner/runner.go:649.16,651.3 1 0
github.com/SimoKiihamaki/autodev/internal/runner/runner.go:652.2,652.23 1 1
github.com/SimoKiihamaki/autodev/internal/runner/runner.go:652.23,654.3 1 0
github.com/SimoKiihamaki/autodev/internal/runner/runner.go:655.2,658.53 2 1
github.com/SimoKiihamaki/autodev/internal/runner/runner.go:658.53,660.3 1 0
github.com/SimoKiihamaki/autodev/internal/runner/runner.go:663.2,665.20 3 1
github.com/SimoKiihamaki/autodev/internal/runner/runner.go:665.20,667.3 1 1
github.com/SimoKiihamaki/autodev/internal/runner/runner.go:668.2,670.20 3 1
github.com/SimoKiihamaki/autodev/internal/runner/runner.go:670.20,672.3 1 1
github.com/SimoKiihamaki/autodev/internal/runner/runner.go:674.2,680.8 2 1
github.com/SimoKiihamaki/autodev/internal/runner/runner.go:685.42,687.2 1 1
github.com/SimoKiihamaki/autodev/internal/runner/runner.go:690.48,692.34 2 1
github.com/SimoKiihamaki/autodev/internal/runner/runner.go:692.34,696.46 2 1
github.com/SimoKiihamaki/autodev/internal/runner/runner.go:696.46,697.29 1 1
github.com/SimoKiihamaki/autodev/internal/runner/runner.go:697.29,698.31 1 1
github.com/SimoKiihamaki/autodev/internal/runner/runner.go:698.31,700.6 1 1
github.com/SimoKiihamaki/autodev/internal/runner/runner.go:701.5,701.28 1 1
github.com/SimoKiihamaki/autodev/internal/runner/runner.go:701.28,703.6 1 1
github.com/SimoKiihamaki/autodev/internal/runner/runner.go:705.4,705.12 1 1
github.com/SimoKiihamaki/autodev/internal/runner/runner.go:708.3,708.12 1 1
github.com/SimoKiihamaki/autodev/internal/runner/runner.go:709.44,710.104 1 1
github.com/SimoKiihamaki/autodev/internal/runner/runner.go:712.3,712.33 1 1
github.com/SimoKiihamaki/autodev/internal/runner/runner.go:712.33,715.4 1 0
github.com/SimoKiihamaki/autodev/internal/runner/runner.go:718.3,718.95 1 1
github.com/SimoKiihamaki/autodev/internal/runner/runner.go:718.95,719.12 1 1
github.com/SimoKiihamaki/autodev/internal/runner/runner.go:721.3,721.16 1 1
github.com/SimoKiihamaki/autodev/internal/runner/runner.go:721.16,723.25 1 1
github.com/SimoKiihamaki/autodev/internal/runner/runner.go:723.25,725.5 1 1
github.com/SimoKiihamaki/autodev/internal/runner/runner.go:726.4,728.23 3 1
github.com/SimoKiihamaki/autodev/internal/runner/runner.go:728.23,730.5 1 1
github.com/SimoKiihamaki/autodev/internal/runner/runner.go:731.4,732.12 2 1
github.com/SimoKiihamaki/autodev/internal/runner/runner.go:735.3,735.16 1 1
github.com/SimoKiihamaki/autodev/internal/runner/runner.go:735.16,737.63 1 1
github.com/SimoKiihamaki/autodev/internal/runner/runner.go:737.63,739.5 1 1
github.com/SimoKiihamaki/autodev/internal/runner/runner.go:740.4,740.12 1 1
github.com/SimoKiihamaki/autodev/internal/runner/runner.go:742.3,742.63 1 1
github.com/SimoKiihamaki/autodev/internal/runner/runner.go:744.2,744.12 1 1
github.com/SimoKiihamaki/autodev/internal/runner/runner.go:748.55,750.2 1 1
github.com/SimoKiihamaki/autodev/internal/runner/runner.go:765.85,768.16 2 1
github.com/SimoKiihamaki/autodev/internal/runner/runner.go:768.16,770.3 1 0
github.com/SimoKiihamaki/autodev/internal/runner/runner.go:772.2,772.21 1 1
github.com/SimoKiihamaki/autodev/internal/runner/runner.go:772.21,774.3 1 0
github.com/SimoKiihamaki/autodev/internal/runner/runner.go:780.2,782.45 2 1
github.com/SimoKiihamaki/autodev/internal/runner/runner.go:782.45,784.35 1 0
github.com/SimoKiihamaki/autodev/internal/runner/runner.go:784.35,786.4 1 0
github.com/SimoKiihamaki/autodev/internal/runner/runner.go:787.3,788.17 2 0
github.com/SimoKiihamaki/autodev/internal/runner/runner.go:788.17,790.4 1 0
github.com/SimoKiihamaki/autodev/internal/runner/runner.go:801.3,806.48 2 0
github.com/SimoKiihamaki/autodev/internal/runner/runner.go:806.48,809.4 2 0
github.com/SimoKiihamaki/autodev/internal/runner/runner.go:812.3,826.49 4 0
github.com/SimoKiihamaki/autodev/internal/runner/runner.go:826.49,827.35 1 0
github.com/SimoKiihamaki/autodev/internal/runner/runner.go:827.35,829.10 2 0
github.com/SimoKiihamaki/autodev/internal/runner/runner.go:834.3,834.15 1 0
github.com/SimoKiihamaki/autodev/internal/runner/runner.go:834.15,835.51 1 0
github.com/SimoKiihamaki/autodev/internal/runner/runner.go:835.51,837.19 2 0
github.com/SimoKiihamaki/autodev/internal/runner/runner.go:837.19,839.6 1 0
github.com/SimoKiihamaki/autodev/internal/runner/runner.go:840.5,840.16 1 0
github.com/SimoKiihamaki/autodev/internal/runner/runner.go:840.16,842.11 2 0
github.com/SimoKiihamaki/autodev/internal/runner/runner.go:848.3,848.15 1 0
github.com/SimoKiihamaki/autodev/internal/runner/runner.go:848.15,849.40 1 0
github.com/SimoKiihamaki/autodev/internal/runner/runner.go:849.40,850.28 1 0
github.com/SimoKiihamaki/autodev/internal/runner/runner.go:850.28,853.20 2 0
github.com/SimoKiihamaki/autodev/internal/runner/runner.go:853.20,855.7 1 0
github.com/SimoKiihamaki/autodev/internal/runner/runner.go:856.6,856.17 1 0
github.com/SimoKiihamaki/autodev/internal/runner/runner.go:856.17,858.12 2 0
github.com/SimoKiihamaki/autodev/internal/runner/runner.go:860.11,862.34 1 0
github.com/SimoKiihamaki/autodev/internal/runner/runner.go:862.34,864.12 2 0
github.com/SimoKiihamaki/autodev/internal/runner/runner.go:869.3,869.15 1 0
github.com/SimoKiihamaki/autodev/internal/runner/runner.go:869.15,875.4 1 0
github.com/SimoKiihamaki/autodev/internal/runner/runner.go:876.8,879.51 1 1
github.com/SimoKiihamaki/autodev/internal/runner/runner.go:879.51,881.4 1 0
github.com/SimoKiihamaki/autodev/internal/runner/runner.go:884.2,884.12 1 1
github.com/SimoKiihamaki/autodev/internal/runner/runner.go:904.54,905.26 1 1
github.com/SimoKiihamaki/autodev/internal/runner/runner.go:905.26,907.3 1 0
github.com/SimoKiihamaki/autodev/internal/runner/runner.go:908.2,909.33 2 1
github.com/SimoKiihamaki/autodev/internal/runner/runner.go:909.33,911.3 1 1
github.com/SimoKiihamaki/autodev/internal/runner/runner.go:912.2,914.25 3 1
github.com/SimoKiihamaki/autodev/internal/runner/runner.go:914.25,916.50 2 1
github.com/SimoKiihamaki/autodev/internal/runner/runner.go:916.50,918.4 1 1
github.com/SimoKiihamaki/autodev/internal/runner/runner.go:919.3,919.34 1 1
github.com/SimoKiihamaki/autodev/internal/runner/runner.go:919.34,920.12 1 0
github.com/SimoKiihamaki/autodev/internal/runner/runner.go:922.3,922.24 1 1
github.com/SimoKiihamaki/autodev/internal/runner/runner.go:924.2,924.12 1 1
github.com/SimoKiihamaki/autodev/internal/runner/runner.go:937.76,941.39 3 1
github.com/SimoKiihamaki/autodev/internal/runner/runner.go:941.39,942.18 1 1
github.com/SimoKiihamaki/autodev/internal/runner/runner.go:942.18,944.4 1 1
github.com/SimoKiihamaki/autodev/internal/runner/runner.go:946.2,946.15 1 1
github.com/SimoKiihamaki/autodev/internal/runner/runner.go:955.68,956.21 1 1
github.com/SimoKiihamaki/autodev/internal/runner/runner.go:956.21,959.3 1 0
github.com/SimoKiihamaki/autodev/internal/runner/runner.go:960.2,960.32 1 1
github.com/SimoKiihamaki/autodev/internal/runner/runner.go:960.32,964.3 1 0
github.com/SimoKiihamaki/autodev/internal/runner/runner.go:966.2,970.20 4 1
github.com/SimoKiihamaki/autodev/internal/runner/runner.go:970.20,971.53 1 0
github.com/SimoKiihamaki/autodev/internal/runner/runner.go:971.53,973.18 2 0
github.com/SimoKiihamaki/autodev/internal/runner/runner.go:973.18,974.13 1 0
github.com/SimoKiihamaki/autodev/internal/runner/runner.go:976.4,977.30 2 0
github.com/SimoKiihamaki/autodev/internal/runner/runner.go:977.30,980.13 1 0
github.com/SimoKiihamaki/autodev/internal/runner/runner.go:982.4,982.40 1 0
github.com/SimoKiihamaki/autodev/internal/runner/runner.go:982.40,983.13 1 0
github.com/SimoKiihamaki/autodev/internal/runner/runner.go:985.4,986.32 2 0
github.com/SimoKiihamaki/autodev/internal/runner/runner.go:990.2,991.42 2 1
github.com/SimoKiihamaki/autodev/internal/runner/runner.go:991.42,995.3 3 1
github.com/SimoKiihamaki/autodev/internal/runner/runner.go:996.2,996.40 1 0
github.com/SimoKiihamaki/autodev/internal/runner/runner.go:1003.74,1005.21 2 1
github.com/SimoKiihamaki/autodev/internal/runner/runner.go:1005.21,1007.3 1 0
github.com/SimoKiihamaki/autodev/internal/runner/runner.go:1008.2,1009.31 2 1
github.com/SimoKiihamaki/autodev/internal/runner/runner.go:1009.31,1012.3 1 0
github.com/SimoKiihamaki/autodev/internal/runner/runner.go:1014.2,1018.25 2 1
github.com/SimoKiihamaki/autodev/internal/runner/runner.go:1018.25,1019.51 1 1
github.com/SimoKiihamaki/autodev/internal/runner/runner.go:1019.51,1022.9 3 1
github.com/SimoKiihamaki/autodev/internal/runner/runner.go:1028.2,1030.14 3 1
github.com/SimoKiihamaki/autodev/internal/runner/runner.go:1030.14,1035.3 4 1
github.com/SimoKiihamaki/autodev/internal/runner/runner.go:1038.2,1038.47 1 1
github.com/SimoKiihamaki/autodev/internal/runner/runner.go:1041.49,1044.16 3 1
github.com/SimoKiihamaki/autodev/internal/runner/runner.go:1044.16,1046.3 1 0
github.com/SimoKiihamaki/autodev/internal/runner/runner.go:1047.2,1055.16 3 1
github.com/SimoKiihamaki/autodev/internal/runner/runner.go:1055.16,1057.3 1 0
github.com/SimoKiihamaki/autodev/internal/runner/runner.go:1059.2,1060.25 2 1
github.com/SimoKiihamaki/autodev/internal/runner/runner.go:1060.25,1062.3 1 1
github.com/SimoKiihamaki/autodev/internal/runner/runner.go:1064.2,1069.16 5 1
github.com/SimoKiihamaki/autodev/internal/runner/runner.go:1069.16,1071.3 1 0
github.com/SimoKiihamaki/autodev/internal/runner/runner.go:1072.2,1074.16 3 1
github.com/SimoKiihamaki/autodev/internal/runner/runner.go:1074.16,1076.3 1 0
github.com/SimoKiihamaki/autodev/internal/runner/runner.go:1077.2,1079.36 2 1
github.com/SimoKiihamaki/autodev/internal/runner/runner.go:1079.36,1081.3 1 0
github.com/SimoKiihamaki/autodev/internal/runner/runner.go:1085.2,1090.22 3 1
github.com/SimoKiihamaki/autodev/internal/runner/runner.go:1090.22,1091.23 1 1
github.com/SimoKiihamaki/autodev/internal/runner/runner.go:1091.23,1092.21 1 1
github.com/SimoKiihamaki/autodev/internal/runner/runner.go:1092.21,1094.5 1 1
github.com/SimoKiihamaki/autodev/internal/runner/runner.go:1099.2,1106.20 3 1
github.com/SimoKiihamaki/autodev/internal/runner/runner.go:1106.20,1109.3 2 1
github.com/SimoKiihamaki/autodev/internal/runner/runner.go:1110.2,1110.20 1 1
github.com/SimoKiihamaki/autodev/internal/runner/runner.go:1110.20,1113.3 2 1
github.com/SimoKiihamaki/autodev/internal/runner/runner.go:1119.2,1120.12 2 1
github.com/SimoKiihamaki/autodev/internal/runner/runner.go:1120.12,1120.36 1 1
github.com/SimoKiihamaki/autodev/internal/runner/runner.go:1123.2,1123.39 1 1
github.com/SimoKiihamaki/autodev/internal/runner/runner.go:1123.39,1124.18 1 1
github.com/SimoKiihamaki/autodev/internal/runner/runner.go:1124.18,1126.4 1 0
github.com/SimoKiihamaki/autodev/internal/runner/runner.go:1127.3,1127.35 1 1
github.com/SimoKiihamaki/autodev/internal/runner/runner.go:1131.2,1131.39 1 1
github.com/SimoKiihamaki/autodev/internal/runner/runner.go:1131.39,1132.18 1 0
github.com/SimoKiihamaki/autodev/internal/runner/runner.go:1132.18,1134.4 1 0
github.com/SimoKiihamaki/autodev/internal/runner/runner.go:1135.3,1135.35 1 0
github.com/SimoKiihamaki/autodev/internal/runner/runner.go:1138.2,1138.9 1 1
github.com/SimoKiihamaki/autodev/internal/runner/runner.go:1139.26,1141.54 1 1
github.com/SimoKiihamaki/autodev/internal/runner/runner.go:1141.54,1143.4 1 0
github.com/SimoKiihamaki/autodev/internal/runner/runner.go:1145.3,1145.10 1 1
github.com/SimoKiihamaki/autodev/internal/runner/runner.go:1146.17,1146.17 0 1
github.com/SimoKiihamaki/autodev/internal/runner/runner.go:1148.38,1149.57 1 0
github.com/SimoKiihamaki/autodev/internal/runner/runner.go:1149.57,1151.5 1 0
github.com/SimoKiihamaki/autodev/internal/runner/runner.go:1152.4,1152.12 1 0
github.com/SimoKiihamaki/autodev/internal/runner/runner.go:1155.3,1158.57 4 1
github.com/SimoKiihamaki/autodev/internal/runner/runner.go:1159.23,1165.17 4 1
github.com/SimoKiihamaki/autodev/internal/runner/runner.go:1165.17,1167.4 1 0
github.com/SimoKiihamaki/autodev/internal/runner/runner.go:1168.3,1168.13 1 1
github.com/SimoKiihamaki/autodev/internal/runner/runner.go:1175.75,1176.17 1 1
github.com/SimoKiihamaki/autodev/internal/runner/runner.go:1176.17,1181.3 2 1
github.com/SimoKiihamaki/autodev/internal/runner/runner.go:1182.2,1186.15 4 1
github.com/SimoKiihamaki/autodev/internal/runner/runner.go:1186.15,1190.3 2 1
github.com/SimoKiihamaki/autodev/internal/runner/runner.go:1192.2,1193.16 2 1
github.com/SimoKiihamaki/autodev/internal/runner/runner.go:1193.16,1195.10 1 1
github.com/SimoKiihamaki/autodev/internal/runner/runner.go:1196.21,1197.10 1 1
github.com/SimoKiihamaki/autodev/internal/runner/runner.go:1198.11,1198.11 0 1
github.com/SimoKiihamaki/autodev/internal/runner/runner.go:1202.3,1203.26 2 1
github.com/SimoKiihamaki/autodev/internal/runner/runner.go:1203.26,1205.12 2 0
github.com/SimoKiihamaki/autodev/internal/runner/runner.go:1207.3,1207.16 1 1
github.com/SimoKiihamaki/autodev/internal/runner/runner.go:1207.16,1213.4 3 1
github.com/SimoKiihamaki/autodev/internal/runner/runner.go:1215.2,1215.33 1 1
github.com/SimoKiihamaki/autodev/internal/runner/runner.go:1215.33,1217.3 1 1
github.com/SimoKiihamaki/autodev/internal/tui/components.go:38.46,43.2 1 0
github.com/SimoKiihamaki/autodev/internal/tui/components.go:45.34,46.23 1 0
github.com/SimoKiihamaki/autodev/internal/tui/components.go:46.23,48.3 1 0
github.com/SimoKiihamaki/autodev/internal/tui/components.go:50.2,51.31 2 0
github.com/SimoKiihamaki/autodev/internal/tui/components.go:51.31,57.25 5 0
github.com/SimoKiihamaki/autodev/internal/tui/components.go:57.25,59.4 1 0
github.com/SimoKiihamaki/autodev/internal/tui/components.go:62.2,62.59 1 0
github.com/SimoKiihamaki/autodev/internal/tui/components.go:65.58,66.16 1 0
github.com/SimoKiihamaki/autodev/internal/tui/components.go:67.20,68.15 1 0
github.com/SimoKiihamaki/autodev/internal/tui/components.go:69.18,70.15 1 0
github.com/SimoKiihamaki/autodev/internal/tui/components.go:71.17,72.15 1 0
github.com/SimoKiihamaki/autodev/internal/tui/components.go:73.19,74.15 1 0
github.com/SimoKiihamaki/autodev/internal/tui/components.go:75.10,76.15 1 0
github.com/SimoKiihamaki/autodev/internal/tui/components.go:80.67,81.16 1 0
github.com/SimoKiihamaki/autodev/internal/tui/components.go:82.20,83.27 1 0
github.com/SimoKiihamaki/autodev/internal/tui/components.go:84.18,85.25 1 0
github.com/SimoKiihamaki/autodev/internal/tui/components.go:86.17,87.24 1 0
github.com/SimoKiihamaki/autodev/internal/tui/components.go:88.19,89.26 1 0
github.com/SimoKiihamaki/autodev/internal/tui/components.go:90.10,91.26 1 0
github.com/SimoKiihamaki/autodev/internal/tui/components.go:107.56,113.2 1 1
github.com/SimoKiihamaki/autodev/internal/tui/components.go:115.38,120.15 2 1
github.com/SimoKiihamaki/autodev/internal/tui/components.go:120.15,122.3 1 0
github.com/SimoKiihamaki/autodev/internal/tui/components.go:122.8,124.3 1 1
github.com/SimoKiihamaki/autodev/internal/tui/components.go:126.2,126.17 1 1
github.com/SimoKiihamaki/autodev/internal/tui/components.go:126.17,128.3 1 0
github.com/SimoKiihamaki/autodev/internal/tui/components.go:130.2,131.19 2 1
github.com/SimoKiihamaki/autodev/internal/tui/components.go:131.19,134.3 2 1
github.com/SimoKiihamaki/autodev/internal/tui/components.go:136.2,136.30 1 1
github.com/SimoKiihamaki/autodev/internal/tui/components.go:150.68,151.38 1 1
github.com/SimoKiihamaki/autodev/internal/tui/components.go:151.38,153.3 1 1
github.com/SimoKiihamaki/autodev/internal/tui/components.go:154.2,159.3 1 1
github.com/SimoKiihamaki/autodev/internal/tui/components.go:162.50,163.21 1 1
github.com/SimoKiihamaki/autodev/internal/tui/components.go:163.21,165.3 1 1
github.com/SimoKiihamaki/autodev/internal/tui/components.go:167.2,169.25 3 1
github.com/SimoKiihamaki/autodev/internal/tui/components.go:169.25,171.3 1 0
github.com/SimoKiihamaki/autodev/internal/tui/components.go:173.2,176.20 3 1
github.com/SimoKiihamaki/autodev/internal/tui/components.go:176.20,178.3 1 0
github.com/SimoKiihamaki/autodev/internal/tui/components.go:179.2,179.21 1 1
github.com/SimoKiihamaki/autodev/internal/tui/components.go:179.21,181.3 1 0
github.com/SimoKiihamaki/autodev/internal/tui/components.go:183.2,191.3 3 1
github.com/SimoKiihamaki/autodev/internal/tui/components.go:208.64,213.2 1 0
github.com/SimoKiihamaki/autodev/internal/tui/components.go:215.39,216.26 1 0
github.com/SimoKiihamaki/autodev/internal/tui/components.go:216.26,218.3 1 0
github.com/SimoKiihamaki/autodev/internal/tui/components.go:220.2,221.33 2 0
github.com/SimoKiihamaki/autodev/internal/tui/components.go:221.33,222.21 1 0
github.com/SimoKiihamaki/autodev/internal/tui/components.go:222.21,223.12 1 0
github.com/SimoKiihamaki/autodev/internal/tui/components.go:225.3,225.52 1 0
github.com/SimoKiihamaki/autodev/internal/tui/components.go:228.2,228.59 1 0
github.com/SimoKiihamaki/autodev/internal/tui/components.go:232.57,233.26 1 0
github.com/SimoKiihamaki/autodev/internal/tui/components.go:233.26,235.3 1 0
github.com/SimoKiihamaki/autodev/internal/tui/components.go:238.2,239.33 2 0
github.com/SimoKiihamaki/autodev/internal/tui/components.go:239.33,240.21 1 0
github.com/SimoKiihamaki/autodev/internal/tui/components.go:240.21,241.12 1 0
github.com/SimoKiihamaki/autodev/internal/tui/components.go:243.3,244.48 2 0
github.com/SimoKiihamaki/autodev/internal/tui/components.go:247.2,251.26 3 0
github.com/SimoKiihamaki/autodev/internal/tui/components.go:251.26,254.3 2 0
github.com/SimoKiihamaki/autodev/internal/tui/components.go:256.2,256.16 1 0
github.com/SimoKiihamaki/autodev/internal/tui/components.go:275.71,280.2 1 0
github.com/SimoKiihamaki/autodev/internal/tui/components.go:282.38,284.32 2 0
github.com/SimoKiihamaki/autodev/internal/tui/components.go:284.32,287.19 3 0
github.com/SimoKiihamaki/autodev/internal/tui/components.go:287.19,290.4 2 0
github.com/SimoKiihamaki/autodev/internal/tui/components.go:290.9,292.4 1 0
github.com/SimoKiihamaki/autodev/internal/tui/components.go:293.3,293.44 1 0
github.com/SimoKiihamaki/autodev/internal/tui/components.go:296.2,299.15 3 0
github.com/SimoKiihamaki/autodev/internal/tui/components.go:299.15,301.3 1 0
github.com/SimoKiihamaki/autodev/internal/tui/components.go:302.2,302.15 1 0
github.com/SimoKiihamaki/autodev/internal/tui/components.go:314.42,318.18 3 0
github.com/SimoKiihamaki/autodev/internal/tui/components.go:319.12,321.18 2 0
github.com/SimoKiihamaki/autodev/internal/tui/components.go:322.15,324.21 2 0
github.com/SimoKiihamaki/autodev/internal/tui/components.go:325.14,327.23 2 0
github.com/SimoKiihamaki/autodev/internal/tui/components.go:328.10,330.26 2 0
github.com/SimoKiihamaki/autodev/internal/tui/components.go:333.2,333.58 1 0
github.com/SimoKiihamaki/autodev/internal/tui/helpers.go:15.38,17.13 2 1
github.com/SimoKiihamaki/autodev/internal/tui/helpers.go:17.13,19.3 1 1
github.com/SimoKiihamaki/autodev/internal/tui/helpers.go:20.2,21.16 2 1
github.com/SimoKiihamaki/autodev/internal/tui/helpers.go:21.16,23.3 1 0
github.com/SimoKiihamaki/autodev/internal/tui/helpers.go:24.2,24.15 1 1
github.com/SimoKiihamaki/autodev/internal/tui/helpers.go:29.44,31.13 2 1
github.com/SimoKiihamaki/autodev/internal/tui/helpers.go:31.13,33.3 1 1
github.com/SimoKiihamaki/autodev/internal/tui/helpers.go:34.2,34.11 1 1
github.com/SimoKiihamaki/autodev/internal/tui/helpers.go:35.43,36.19 1 1
github.com/SimoKiihamaki/autodev/internal/tui/helpers.go:37.45,38.20 1 1
github.com/SimoKiihamaki/autodev/internal/tui/helpers.go:39.10,40.107 1 0
github.com/SimoKiihamaki/autodev/internal/tui/helpers.go:53.51,55.12 1 1
github.com/SimoKiihamaki/autodev/internal/tui/helpers.go:55.12,57.3 1 1
github.com/SimoKiihamaki/autodev/internal/tui/helpers.go:59.2,59.33 1 1
github.com/SimoKiihamaki/autodev/internal/tui/helpers.go:59.33,61.3 1 1
github.com/SimoKiihamaki/autodev/internal/tui/helpers.go:65.2,65.61 1 1
github.com/SimoKiihamaki/autodev/internal/tui/helpers.go:65.61,67.3 1 1
github.com/SimoKiihamaki/autodev/internal/tui/helpers.go:71.2,72.13 2 1
github.com/SimoKiihamaki/autodev/internal/tui/helpers.go:72.13,74.3 1 1
github.com/SimoKiihamaki/autodev/internal/tui/helpers.go:75.2,75.18 1 1
github.com/SimoKiihamaki/autodev/internal/tui/helpers.go:80.39,81.21 1 1
github.com/SimoKiihamaki/autodev/internal/tui/helpers.go:81.21,83.3 1 1
github.com/SimoKiihamaki/autodev/internal/tui/helpers.go:84.2,84.58 1 1
github.com/SimoKiihamaki/autodev/internal/tui/helpers.go:89.41,91.15 2 1
github.com/SimoKiihamaki/autodev/internal/tui/helpers.go:91.15,93.3 1 1
github.com/SimoKiihamaki/autodev/internal/tui/helpers.go:94.2,97.29 4 1
github.com/SimoKiihamaki/autodev/internal/tui/helpers.go:97.29,98.56 1 1
github.com/SimoKiihamaki/autodev/internal/tui/helpers.go:98.56,100.4 1 1
github.com/SimoKiihamaki/autodev/internal/tui/helpers.go:102.2,102.15 1 1
github.com/SimoKiihamaki/autodev/internal/tui/inputs.go:41.33,71.2 27 1
github.com/SimoKiihamaki/autodev/internal/tui/inputs.go:73.46,77.19 3 1
github.com/SimoKiihamaki/autodev/internal/tui/inputs.go:78.14,79.19 1 1
github.com/SimoKiihamaki/autodev/internal/tui/inputs.go:80.14,81.19 1 1
github.com/SimoKiihamaki/autodev/internal/tui/inputs.go:82.16,83.21 1 0
github.com/SimoKiihamaki/autodev/internal/tui/inputs.go:84.15,85.25 1 0
github.com/SimoKiihamaki/autodev/internal/tui/inputs.go:86.15,87.20 1 0
github.com/SimoKiihamaki/autodev/internal/tui/inputs.go:88.18,89.23 1 0
github.com/SimoKiihamaki/autodev/internal/tui/inputs.go:90.16,91.21 1 0
github.com/SimoKiihamaki/autodev/internal/tui/inputs.go:92.49,94.9 1 0
github.com/SimoKiihamaki/autodev/internal/tui/inputs.go:95.17,96.22 1 0
github.com/SimoKiihamaki/autodev/internal/tui/inputs.go:97.17,98.22 1 0
github.com/SimoKiihamaki/autodev/internal/tui/inputs.go:99.17,100.22 1 0
github.com/SimoKiihamaki/autodev/internal/tui/inputs.go:101.18,102.23 1 0
github.com/SimoKiihamaki/autodev/internal/tui/inputs.go:103.22,104.27 1 0
github.com/SimoKiihamaki/autodev/internal/tui/inputs.go:105.23,106.28 1 0
github.com/SimoKiihamaki/autodev/internal/tui/inputs.go:108.22,109.27 1 1
github.com/SimoKiihamaki/autodev/internal/tui/inputs.go:110.28,111.33 1 0
github.com/SimoKiihamaki/autodev/internal/tui/inputs.go:112.29,113.34 1 0
github.com/SimoKiihamaki/autodev/internal/tui/inputs.go:114.27,115.32 1 0
github.com/SimoKiihamaki/autodev/internal/tui/inputs.go:116.30,117.35 1 0
github.com/SimoKiihamaki/autodev/internal/tui/inputs.go:118.29,119.34 1 0
github.com/SimoKiihamaki/autodev/internal/tui/inputs.go:120.28,121.33 1 0
github.com/SimoKiihamaki/autodev/internal/tui/inputs.go:122.31,123.36 1 0
github.com/SimoKiihamaki/autodev/internal/tui/inputs.go:125.24,126.29 1 0
github.com/SimoKiihamaki/autodev/internal/tui/inputs.go:127.27,128.32 1 1
github.com/SimoKiihamaki/autodev/internal/tui/inputs.go:129.16,130.19 1 0
github.com/SimoKiihamaki/autodev/internal/tui/inputs.go:131.10,136.9 4 0
github.com/SimoKiihamaki/autodev/internal/tui/inputs.go:140.92,144.25 3 0
github.com/SimoKiihamaki/autodev/internal/tui/inputs.go:144.25,145.15 1 0
github.com/SimoKiihamaki/autodev/internal/tui/inputs.go:145.15,147.4 1 0
github.com/SimoKiihamaki/autodev/internal/tui/inputs.go:148.3,150.12 3 0
github.com/SimoKiihamaki/autodev/internal/tui/inputs.go:151.8,152.22 1 0
github.com/SimoKiihamaki/autodev/internal/tui/inputs.go:152.22,154.4 1 0
github.com/SimoKiihamaki/autodev/internal/tui/inputs.go:155.3,157.11 3 0
github.com/SimoKiihamaki/autodev/internal/tui/inputs.go:161.2,161.76 1 0
github.com/SimoKiihamaki/autodev/internal/tui/inputs.go:161.76,164.3 2 0
github.com/SimoKiihamaki/autodev/internal/tui/inputs.go:167.2,167.44 1 0
github.com/SimoKiihamaki/autodev/internal/tui/inputs.go:167.44,168.32 1 0
github.com/SimoKiihamaki/autodev/internal/tui/inputs.go:168.32,171.4 2 0
github.com/SimoKiihamaki/autodev/internal/tui/inputs.go:175.90,177.15 2 1
github.com/SimoKiihamaki/autodev/internal/tui/inputs.go:177.15,179.3 1 0
github.com/SimoKiihamaki/autodev/internal/tui/inputs.go:181.2,182.19 2 1
github.com/SimoKiihamaki/autodev/internal/tui/inputs.go:183.12,184.12 1 1
github.com/SimoKiihamaki/autodev/internal/tui/inputs.go:185.10,185.10 0 1
github.com/SimoKiihamaki/autodev/internal/tui/inputs.go:189.2,189.43 1 1
github.com/SimoKiihamaki/autodev/internal/tui/inputs.go:189.43,191.28 2 1
github.com/SimoKiihamaki/autodev/internal/tui/inputs.go:191.28,192.9 1 0
github.com/SimoKiihamaki/autodev/internal/tui/inputs.go:195.3,195.73 1 1
github.com/SimoKiihamaki/autodev/internal/tui/inputs.go:195.73,198.4 2 1
github.com/SimoKiihamaki/autodev/internal/tui/inputs.go:200.3,200.57 1 0
github.com/SimoKiihamaki/autodev/internal/tui/inputs.go:200.57,202.4 1 0
github.com/SimoKiihamaki/autodev/internal/tui/inputs.go:206.52,207.26 1 1
github.com/SimoKiihamaki/autodev/internal/tui/inputs.go:207.26,210.3 2 0
github.com/SimoKiihamaki/autodev/internal/tui/inputs.go:212.2,213.35 2 1
github.com/SimoKiihamaki/autodev/internal/tui/inputs.go:213.35,214.22 1 1
github.com/SimoKiihamaki/autodev/internal/tui/inputs.go:214.22,216.4 1 1
github.com/SimoKiihamaki/autodev/internal/tui/inputs.go:217.3,217.22 1 1
github.com/SimoKiihamaki/autodev/internal/tui/inputs.go:217.22,219.4 1 1
github.com/SimoKiihamaki/autodev/internal/tui/inputs.go:222.2,223.29 2 1
github.com/SimoKiihamaki/autodev/internal/tui/inputs.go:223.29,225.3 1 1
github.com/SimoKiihamaki/autodev/internal/tui/inputs.go:226.2,226.39 1 1
github.com/SimoKiihamaki/autodev/internal/tui/inputs.go:226.39,228.84 2 1
github.com/SimoKiihamaki/autodev/internal/tui/inputs.go:228.84,230.4 1 1
github.com/SimoKiihamaki/autodev/internal/tui/inputs.go:233.2,234.13 2 1
github.com/SimoKiihamaki/autodev/internal/tui/inputs.go:234.13,237.3 2 0
github.com/SimoKiihamaki/autodev/internal/tui/inputs.go:239.2,240.40 2 1
github.com/SimoKiihamaki/autodev/internal/tui/inputs.go:240.40,244.3 3 0
github.com/SimoKiihamaki/autodev/internal/tui/inputs.go:245.2,245.45 1 1
github.com/SimoKiihamaki/autodev/internal/tui/inputs.go:245.45,249.3 3 0
github.com/SimoKiihamaki/autodev/internal/tui/inputs.go:251.2,251.19 1 1
github.com/SimoKiihamaki/autodev/internal/tui/inputs.go:252.20,253.55 1 1
github.com/SimoKiihamaki/autodev/internal/tui/inputs.go:254.23,255.57 1 0
github.com/SimoKiihamaki/autodev/internal/tui/inputs.go:259.93,260.52 1 0
github.com/SimoKiihamaki/autodev/internal/tui/inputs.go:260.52,262.3 1 0
github.com/SimoKiihamaki/autodev/internal/tui/inputs.go:263.2,264.19 2 0
github.com/SimoKiihamaki/autodev/internal/tui/inputs.go:264.19,266.3 1 0
github.com/SimoKiihamaki/autodev/internal/tui/inputs.go:267.2,267.65 1 0
github.com/SimoKiihamaki/autodev/internal/tui/inputs.go:267.65,270.3 2 0
github.com/SimoKiihamaki/autodev/internal/tui/inputs.go:271.2,271.47 1 0
github.com/SimoKiihamaki/autodev/internal/tui/inputs.go:271.47,273.54 2 0
github.com/SimoKiihamaki/autodev/internal/tui/inputs.go:273.54,276.4 2 0
github.com/SimoKiihamaki/autodev/internal/tui/inputs.go:277.3,278.57 2 0
github.com/SimoKiihamaki/autodev/internal/tui/inputs.go:278.57,281.4 2 0
github.com/SimoKiihamaki/autodev/internal/tui/inputs.go:283.2,283.14 1 0
github.com/SimoKiihamaki/autodev/internal/tui/inputs.go:286.44,288.2 1 1
github.com/SimoKiihamaki/autodev/internal/tui/inputs.go:290.49,294.21 2 1
github.com/SimoKiihamaki/autodev/internal/tui/inputs.go:294.21,296.3 1 0
github.com/SimoKiihamaki/autodev/internal/tui/inputs.go:298.2,298.25 1 1
github.com/SimoKiihamaki/autodev/internal/tui/inputs.go:298.25,301.3 2 1
github.com/SimoKiihamaki/autodev/internal/tui/inputs.go:303.2,304.29 2 1
github.com/SimoKiihamaki/autodev/internal/tui/inputs.go:304.29,305.28 1 1
github.com/SimoKiihamaki/autodev/internal/tui/inputs.go:305.28,307.9 2 1
github.com/SimoKiihamaki/autodev/internal/tui/inputs.go:311.2,311.24 1 1
github.com/SimoKiihamaki/autodev/internal/tui/inputs.go:311.24,314.3 2 0
github.com/SimoKiihamaki/autodev/internal/tui/inputs.go:316.2,316.19 1 1
github.com/SimoKiihamaki/autodev/internal/tui/inputs.go:317.12,319.9 2 1
github.com/SimoKiihamaki/autodev/internal/tui/inputs.go:319.9,321.4 1 1
github.com/SimoKiihamaki/autodev/internal/tui/inputs.go:322.14,324.9 2 1
github.com/SimoKiihamaki/autodev/internal/tui/inputs.go:324.9,326.4 1 1
github.com/SimoKiihamaki/autodev/internal/tui/inputs.go:327.23,328.24 1 1
github.com/SimoKiihamaki/autodev/internal/tui/inputs.go:332.37,333.23 1 1
github.com/SimoKiihamaki/autodev/internal/tui/inputs.go:334.15,335.27 1 1
github.com/SimoKiihamaki/autodev/internal/tui/inputs.go:336.12,337.21 1 1
github.com/SimoKiihamaki/autodev/internal/tui/inputs.go:338.16,339.29 1 1
github.com/SimoKiihamaki/autodev/internal/tui/inputs.go:340.16,341.41 1 1
github.com/SimoKiihamaki/autodev/internal/tui/inputs.go:342.16,343.31 1 1
github.com/SimoKiihamaki/autodev/internal/tui/inputs.go:344.17,345.33 1 1
github.com/SimoKiihamaki/autodev/internal/tui/inputs.go:346.18,347.35 1 1
github.com/SimoKiihamaki/autodev/internal/tui/inputs.go:348.17,349.33 1 1
github.com/SimoKiihamaki/autodev/internal/tui/inputs.go:351.2,351.22 1 1
github.com/SimoKiihamaki/autodev/internal/tui/inputs.go:354.66,356.2 1 1
github.com/SimoKiihamaki/autodev/internal/tui/inputs.go:363.65,366.14 2 1
github.com/SimoKiihamaki/autodev/internal/tui/inputs.go:367.21,368.30 1 1
github.com/SimoKiihamaki/autodev/internal/tui/inputs.go:369.18,370.27 1 1
github.com/SimoKiihamaki/autodev/internal/tui/inputs.go:371.22,372.31 1 0
github.com/SimoKiihamaki/autodev/internal/tui/inputs.go:373.10,374.9 1 0
github.com/SimoKiihamaki/autodev/internal/tui/inputs.go:378.2,379.12 2 1
github.com/SimoKiihamaki/autodev/internal/tui/inputs.go:379.12,381.3 1 0
github.com/SimoKiihamaki/autodev/internal/tui/inputs.go:384.2,386.41 3 1
github.com/SimoKiihamaki/autodev/internal/tui/inputs.go:386.41,387.24 1 1
github.com/SimoKiihamaki/autodev/internal/tui/inputs.go:387.24,389.9 2 1
github.com/SimoKiihamaki/autodev/internal/tui/inputs.go:392.2,392.15 1 1
github.com/SimoKiihamaki/autodev/internal/tui/inputs.go:392.15,395.3 1 0
github.com/SimoKiihamaki/autodev/internal/tui/inputs.go:397.2,398.8 2 1
github.com/SimoKiihamaki/autodev/internal/tui/inputs.go:398.8,401.3 2 1
github.com/SimoKiihamaki/autodev/internal/tui/inputs.go:404.41,405.14 1 1
github.com/SimoKiihamaki/autodev/internal/tui/inputs.go:406.49,407.14 1 1
github.com/SimoKiihamaki/autodev/internal/tui/inputs.go:408.10,409.15 1 1
github.com/SimoKiihamaki/autodev/internal/tui/keys.go:79.46,80.43 1 0
github.com/SimoKiihamaki/autodev/internal/tui/keys.go:80.43,82.3 1 0
github.com/SimoKiihamaki/autodev/internal/tui/keys.go:83.2,83.18 1 0
github.com/SimoKiihamaki/autodev/internal/tui/keys.go:93.36,95.13 2 0
github.com/SimoKiihamaki/autodev/internal/tui/keys.go:95.13,97.3 1 0
github.com/SimoKiihamaki/autodev/internal/tui/keys.go:98.2,98.12 1 0
github.com/SimoKiihamaki/autodev/internal/tui/keys.go:98.12,100.3 1 0
github.com/SimoKiihamaki/autodev/internal/tui/keys.go:101.2,101.14 1 0
github.com/SimoKiihamaki/autodev/internal/tui/keys.go:101.14,103.3 1 0
github.com/SimoKiihamaki/autodev/internal/tui/keys.go:104.2,106.33 3 0
github.com/SimoKiihamaki/autodev/internal/tui/keys.go:109.37,111.13 2 1
github.com/SimoKiihamaki/autodev/internal/tui/keys.go:111.13,113.3 1 1
github.com/SimoKiihamaki/autodev/internal/tui/keys.go:114.2,114.12 1 1
github.com/SimoKiihamaki/autodev/internal/tui/keys.go:114.12,116.3 1 0
github.com/SimoKiihamaki/autodev/internal/tui/keys.go:117.2,117.14 1 1
github.com/SimoKiihamaki/autodev/internal/tui/keys.go:117.14,119.3 1 1
github.com/SimoKiihamaki/autodev/internal/tui/keys.go:120.2,121.14 2 1
github.com/SimoKiihamaki/autodev/internal/tui/keys.go:122.14,123.16 1 1
github.com/SimoKiihamaki/autodev/internal/tui/keys.go:124.16,125.16 1 1
github.com/SimoKiihamaki/autodev/internal/tui/keys.go:126.13,127.15 1 0
github.com/SimoKiihamaki/autodev/internal/tui/keys.go:128.14,129.16 1 1
github.com/SimoKiihamaki/autodev/internal/tui/keys.go:130.13,131.15 1 1
github.com/SimoKiihamaki/autodev/internal/tui/keys.go:132.13,133.15 1 0
github.com/SimoKiihamaki/autodev/internal/tui/keys.go:134.11,135.17 1 0
github.com/SimoKiihamaki/autodev/internal/tui/keys.go:136.15,137.17 1 1
github.com/SimoKiihamaki/autodev/internal/tui/keys.go:138.12,139.15 1 1
github.com/SimoKiihamaki/autodev/internal/tui/keys.go:140.14,141.15 1 1
github.com/SimoKiihamaki/autodev/internal/tui/keys.go:142.14,143.15 1 0
github.com/SimoKiihamaki/autodev/internal/tui/keys.go:144.15,145.15 1 0
github.com/SimoKiihamaki/autodev/internal/tui/keys.go:146.19,147.21 1 1
github.com/SimoKiihamaki/autodev/internal/tui/keys.go:148.15,149.17 1 0
github.com/SimoKiihamaki/autodev/internal/tui/keys.go:150.10,151.21 1 1
github.com/SimoKiihamaki/autodev/internal/tui/keys.go:151.21,153.4 1 1
github.com/SimoKiihamaki/autodev/internal/tui/keys.go:153.9,155.4 1 1
github.com/SimoKiihamaki/autodev/internal/tui/keys.go:157.2,157.21 1 1
github.com/SimoKiihamaki/autodev/internal/tui/keys.go:157.21,159.3 1 1
github.com/SimoKiihamaki/autodev/internal/tui/keys.go:160.2,161.33 2 1
github.com/SimoKiihamaki/autodev/internal/tui/keys.go:164.49,166.2 1 1
github.com/SimoKiihamaki/autodev/internal/tui/keys.go:169.41,171.13 2 1
github.com/SimoKiihamaki/autodev/internal/tui/keys.go:171.13,173.3 1 1
github.com/SimoKiihamaki/autodev/internal/tui/keys.go:174.2,174.12 1 1
github.com/SimoKiihamaki/autodev/internal/tui/keys.go:174.12,176.3 1 1
github.com/SimoKiihamaki/autodev/internal/tui/keys.go:177.2,177.14 1 1
github.com/SimoKiihamaki/autodev/internal/tui/keys.go:177.14,179.3 1 1
github.com/SimoKiihamaki/autodev/internal/tui/keys.go:180.2,182.16 3 1
github.com/SimoKiihamaki/autodev/internal/tui/keys.go:182.16,184.3 1 1
github.com/SimoKiihamaki/autodev/internal/tui/keys.go:185.2,185.32 1 1
github.com/SimoKiihamaki/autodev/internal/tui/keys.go:189.42,193.26 4 1
github.com/SimoKiihamaki/autodev/internal/tui/keys.go:193.26,195.12 2 1
github.com/SimoKiihamaki/autodev/internal/tui/keys.go:196.31,197.26 1 1
github.com/SimoKiihamaki/autodev/internal/tui/keys.go:198.11,199.30 1 1
github.com/SimoKiihamaki/autodev/internal/tui/keys.go:202.2,203.16 2 1
github.com/SimoKiihamaki/autodev/internal/tui/keys.go:203.16,205.3 1 1
github.com/SimoKiihamaki/autodev/internal/tui/keys.go:206.2,206.32 1 1
github.com/SimoKiihamaki/autodev/internal/tui/keys.go:210.40,211.11 1 1
github.com/SimoKiihamaki/autodev/internal/tui/keys.go:212.11,213.17 1 0
github.com/SimoKiihamaki/autodev/internal/tui/keys.go:214.15,215.17 1 0
github.com/SimoKiihamaki/autodev/internal/tui/keys.go:216.24,217.18 1 1
github.com/SimoKiihamaki/autodev/internal/tui/keys.go:218.14,219.16 1 1
github.com/SimoKiihamaki/autodev/internal/tui/keys.go:220.23,221.15 1 1
github.com/SimoKiihamaki/autodev/internal/tui/keys.go:222.10,223.11 1 1
github.com/SimoKiihamaki/autodev/internal/tui/keys.go:240.57,242.2 1 1
github.com/SimoKiihamaki/autodev/internal/tui/keys.go:244.68,246.2 1 1
github.com/SimoKiihamaki/autodev/internal/tui/keys.go:248.89,249.22 1 1
github.com/SimoKiihamaki/autodev/internal/tui/keys.go:249.22,251.3 1 0
github.com/SimoKiihamaki/autodev/internal/tui/keys.go:252.2,253.34 2 1
github.com/SimoKiihamaki/autodev/internal/tui/keys.go:253.34,254.32 1 1
github.com/SimoKiihamaki/autodev/internal/tui/keys.go:254.32,255.26 1 1
github.com/SimoKiihamaki/autodev/internal/tui/keys.go:255.26,257.10 2 1
github.com/SimoKiihamaki/autodev/internal/tui/keys.go:261.2,261.42 1 1
github.com/SimoKiihamaki/autodev/internal/tui/keys.go:261.42,263.3 1 0
github.com/SimoKiihamaki/autodev/internal/tui/keys.go:264.2,264.16 1 1
github.com/SimoKiihamaki/autodev/internal/tui/keys.go:267.43,268.37 1 1
github.com/SimoKiihamaki/autodev/internal/tui/keys.go:268.37,270.3 1 1
github.com/SimoKiihamaki/autodev/internal/tui/keys.go:271.2,271.20 1 0
github.com/SimoKiihamaki/autodev/internal/tui/keys.go:274.53,276.2 1 0
github.com/SimoKiihamaki/autodev/internal/tui/keys.go:278.50,280.2 1 1
github.com/SimoKiihamaki/autodev/internal/tui/keys.go:282.62,284.2 1 1
github.com/SimoKiihamaki/autodev/internal/tui/keys.go:286.72,287.22 1 1
github.com/SimoKiihamaki/autodev/internal/tui/keys.go:287.22,289.3 1 1
github.com/SimoKiihamaki/autodev/internal/tui/keys.go:290.2,291.34 2 1
github.com/SimoKiihamaki/autodev/internal/tui/keys.go:291.34,292.23 1 1
github.com/SimoKiihamaki/autodev/internal/tui/keys.go:292.23,293.12 1 0
github.com/SimoKiihamaki/autodev/internal/tui/keys.go:295.3,300.35 2 1
github.com/SimoKiihamaki/autodev/internal/tui/keys.go:302.2,302.42 1 1
github.com/SimoKiihamaki/autodev/internal/tui/keys.go:302.42,304.3 1 1
github.com/SimoKiihamaki/autodev/internal/tui/keys.go:305.2,305.16 1 1
github.com/SimoKiihamaki/autodev/internal/tui/keys.go:308.29,309.36 1 1
github.com/SimoKiihamaki/autodev/internal/tui/keys.go:309.36,311.3 1 1
github.com/SimoKiihamaki/autodev/internal/tui/keys.go:312.2,312.35 1 1
github.com/SimoKiihamaki/autodev/internal/tui/keys.go:312.35,314.3 1 1
github.com/SimoKiihamaki/autodev/internal/tui/keys.go:315.2,315.37 1 1
github.com/SimoKiihamaki/autodev/internal/tui/keys.go:315.37,317.3 1 1
github.com/SimoKiihamaki/autodev/internal/tui/keys.go:318.2,318.33 1 1
github.com/SimoKiihamaki/autodev/internal/tui/keys.go:318.33,320.3 1 1
github.com/SimoKiihamaki/autodev/internal/tui/keys.go:322.2,481.3 5 1
github.com/SimoKiihamaki/autodev/internal/tui/keys_env.go:8.87,11.23 2 1
github.com/SimoKiihamaki/autodev/internal/tui/keys_env.go:11.23,13.3 1 1
github.com/SimoKiihamaki/autodev/internal/tui/keys_env.go:15.2,17.30 2 1
github.com/SimoKiihamaki/autodev/internal/tui/keys_env.go:17.30,18.14 1 1
github.com/SimoKiihamaki/autodev/internal/tui/keys_env.go:19.18,21.18 2 1
github.com/SimoKiihamaki/autodev/internal/tui/keys_env.go:22.22,24.18 2 1
github.com/SimoKiihamaki/autodev/internal/tui/keys_env.go:25.24,27.18 2 1
github.com/SimoKiihamaki/autodev/internal/tui/keys_env.go:28.24,29.27 1 1
github.com/SimoKiihamaki/autodev/internal/tui/keys_env.go:29.27,31.5 1 1
github.com/SimoKiihamaki/autodev/internal/tui/keys_env.go:32.4,32.18 1 1
github.com/SimoKiihamaki/autodev/internal/tui/keys_env.go:33.25,34.27 1 1
github.com/SimoKiihamaki/autodev/internal/tui/keys_env.go:34.27,36.5 1 1
github.com/SimoKiihamaki/autodev/internal/tui/keys_env.go:37.4,37.18 1 1
github.com/SimoKiihamaki/autodev/internal/tui/keys_env.go:38.19,39.27 1 1
github.com/SimoKiihamaki/autodev/internal/tui/keys_env.go:39.27,40.31 1 1
github.com/SimoKiihamaki/autodev/internal/tui/keys_env.go:40.31,41.11 1 0
github.com/SimoKiihamaki/autodev/internal/tui/keys_env.go:43.5,43.33 1 1
github.com/SimoKiihamaki/autodev/internal/tui/keys_env.go:44.10,46.5 1 1
github.com/SimoKiihamaki/autodev/internal/tui/keys_env.go:47.4,47.18 1 1
github.com/SimoKiihamaki/autodev/internal/tui/keys_env.go:48.174,49.50 1 1
github.com/SimoKiihamaki/autodev/internal/tui/keys_env.go:49.50,53.5 3 1
github.com/SimoKiihamaki/autodev/internal/tui/keys_env.go:57.2,57.21 1 1
github.com/SimoKiihamaki/autodev/internal/tui/keys_env.go:61.43,62.13 1 1
github.com/SimoKiihamaki/autodev/internal/tui/keys_env.go:63.26,64.23 1 1
github.com/SimoKiihamaki/autodev/internal/tui/keys_env.go:65.23,66.20 1 1
github.com/SimoKiihamaki/autodev/internal/tui/keys_env.go:67.27,68.24 1 1
github.com/SimoKiihamaki/autodev/internal/tui/keys_env.go:69.27,70.24 1 1
github.com/SimoKiihamaki/autodev/internal/tui/keys_env.go:71.27,72.24 1 1
github.com/SimoKiihamaki/autodev/internal/tui/keys_env.go:73.28,74.25 1 1
github.com/SimoKiihamaki/autodev/internal/tui/keys_env.go:75.29,76.26 1 1
github.com/SimoKiihamaki/autodev/internal/tui/keys_env.go:77.28,78.25 1 1
github.com/SimoKiihamaki/autodev/internal/tui/keys_env.go:79.10,80.12 1 1
github.com/SimoKiihamaki/autodev/internal/tui/keys_logs.go:9.88,10.23 1 1
github.com/SimoKiihamaki/autodev/internal/tui/keys_logs.go:10.23,12.3 1 1
github.com/SimoKiihamaki/autodev/internal/tui/keys_logs.go:14.2,17.30 3 1
github.com/SimoKiihamaki/autodev/internal/tui/keys_logs.go:17.30,18.14 1 1
github.com/SimoKiihamaki/autodev/internal/tui/keys_logs.go:19.39,23.18 4 1
github.com/SimoKiihamaki/autodev/internal/tui/keys_logs.go:24.18,26.18 2 1
github.com/SimoKiihamaki/autodev/internal/tui/keys_logs.go:27.20,29.18 2 1
github.com/SimoKiihamaki/autodev/internal/tui/keys_logs.go:30.21,32.18 2 1
github.com/SimoKiihamaki/autodev/internal/tui/keys_logs.go:33.24,35.18 2 1
github.com/SimoKiihamaki/autodev/internal/tui/keys_logs.go:36.24,39.20 3 1
github.com/SimoKiihamaki/autodev/internal/tui/keys_logs.go:39.20,41.5 1 1
github.com/SimoKiihamaki/autodev/internal/tui/keys_logs.go:42.4,44.18 3 1
github.com/SimoKiihamaki/autodev/internal/tui/keys_logs.go:48.2,48.32 1 1
github.com/SimoKiihamaki/autodev/internal/tui/keys_prd.go:11.87,15.26 2 1
github.com/SimoKiihamaki/autodev/internal/tui/keys_prd.go:15.26,17.31 2 0
github.com/SimoKiihamaki/autodev/internal/tui/keys_prd.go:17.31,18.15 1 0
github.com/SimoKiihamaki/autodev/internal/tui/keys_prd.go:19.20,20.64 1 0
github.com/SimoKiihamaki/autodev/internal/tui/keys_prd.go:20.64,25.6 4 0
github.com/SimoKiihamaki/autodev/internal/tui/keys_prd.go:26.5,26.19 1 0
github.com/SimoKiihamaki/autodev/internal/tui/keys_prd.go:27.19,29.19 2 0
github.com/SimoKiihamaki/autodev/internal/tui/keys_prd.go:32.3,32.14 1 0
github.com/SimoKiihamaki/autodev/internal/tui/keys_prd.go:32.14,34.4 1 0
github.com/SimoKiihamaki/autodev/internal/tui/keys_prd.go:36.3,36.31 1 0
github.com/SimoKiihamaki/autodev/internal/tui/keys_prd.go:36.31,38.4 1 0
github.com/SimoKiihamaki/autodev/internal/tui/keys_prd.go:39.3,41.19 3 0
github.com/SimoKiihamaki/autodev/internal/tui/keys_prd.go:45.2,45.23 1 1
github.com/SimoKiihamaki/autodev/internal/tui/keys_prd.go:45.23,49.35 4 1
github.com/SimoKiihamaki/autodev/internal/tui/keys_prd.go:49.35,51.4 1 0
github.com/SimoKiihamaki/autodev/internal/tui/keys_prd.go:52.3,52.22 1 1
github.com/SimoKiihamaki/autodev/internal/tui/keys_prd.go:52.22,53.49 1 1
github.com/SimoKiihamaki/autodev/internal/tui/keys_prd.go:53.49,55.5 1 0
github.com/SimoKiihamaki/autodev/internal/tui/keys_prd.go:56.4,56.21 1 1
github.com/SimoKiihamaki/autodev/internal/tui/keys_prd.go:58.3,58.48 1 0
github.com/SimoKiihamaki/autodev/internal/tui/keys_prd.go:58.48,60.4 1 0
github.com/SimoKiihamaki/autodev/internal/tui/keys_prd.go:61.3,61.21 1 0
github.com/SimoKiihamaki/autodev/internal/tui/keys_prd.go:61.21,63.4 1 0
github.com/SimoKiihamaki/autodev/internal/tui/keys_prd.go:64.3,64.20 1 0
github.com/SimoKiihamaki/autodev/internal/tui/keys_prd.go:67.2,69.30 2 0
github.com/SimoKiihamaki/autodev/internal/tui/keys_prd.go:69.30,70.14 1 0
github.com/SimoKiihamaki/autodev/internal/tui/keys_prd.go:71.19,72.54 1 0
github.com/SimoKiihamaki/autodev/internal/tui/keys_prd.go:72.54,74.45 2 0
github.com/SimoKiihamaki/autodev/internal/tui/keys_prd.go:74.45,76.6 1 0
github.com/SimoKiihamaki/autodev/internal/tui/keys_prd.go:76.11,78.6 1 0
github.com/SimoKiihamaki/autodev/internal/tui/keys_prd.go:79.5,81.47 2 0
github.com/SimoKiihamaki/autodev/internal/tui/keys_prd.go:83.4,83.18 1 0
github.com/SimoKiihamaki/autodev/internal/tui/keys_prd.go:84.21,86.18 2 0
github.com/SimoKiihamaki/autodev/internal/tui/keys_prd.go:87.42,91.18 4 0
github.com/SimoKiihamaki/autodev/internal/tui/keys_prd.go:92.25,93.49 1 0
github.com/SimoKiihamaki/autodev/internal/tui/keys_prd.go:93.49,97.5 3 0
github.com/SimoKiihamaki/autodev/internal/tui/keys_prd.go:97.10,97.30 1 0
github.com/SimoKiihamaki/autodev/internal/tui/keys_prd.go:97.30,100.5 2 0
github.com/SimoKiihamaki/autodev/internal/tui/keys_prd.go:101.4,101.18 1 0
github.com/SimoKiihamaki/autodev/internal/tui/keys_prd.go:102.22,105.18 3 0
github.com/SimoKiihamaki/autodev/internal/tui/keys_prd.go:109.2,109.13 1 0
github.com/SimoKiihamaki/autodev/internal/tui/keys_prd.go:109.13,111.3 1 0
github.com/SimoKiihamaki/autodev/internal/tui/keys_prd.go:113.2,113.30 1 0
github.com/SimoKiihamaki/autodev/internal/tui/keys_prd.go:113.30,115.3 1 0
github.com/SimoKiihamaki/autodev/internal/tui/keys_prd.go:116.2,116.30 1 0
github.com/SimoKiihamaki/autodev/internal/tui/keys_progress.go:6.92,7.23 1 1
github.com/SimoKiihamaki/autodev/internal/tui/keys_progress.go:7.23,9.3 1 1
github.com/SimoKiihamaki/autodev/internal/tui/keys_progress.go:11.2,14.30 3 1
github.com/SimoKiihamaki/autodev/internal/tui/keys_progress.go:14.30,15.14 1 1
github.com/SimoKiihamaki/autodev/internal/tui/keys_progress.go:16.19,23.18 6 1
github.com/SimoKiihamaki/autodev/internal/tui/keys_progress.go:24.39,26.18 1 1
github.com/SimoKiihamaki/autodev/internal/tui/keys_progress.go:27.19,29.18 1 1
github.com/SimoKiihamaki/autodev/internal/tui/keys_progress.go:33.2,33.21 1 1
github.com/SimoKiihamaki/autodev/internal/tui/keys_prompt.go:8.90,11.30 2 1
github.com/SimoKiihamaki/autodev/internal/tui/keys_prompt.go:11.30,12.14 1 1
github.com/SimoKiihamaki/autodev/internal/tui/keys_prompt.go:13.19,14.27 1 1
github.com/SimoKiihamaki/autodev/internal/tui/keys_prompt.go:14.27,17.5 2 1
github.com/SimoKiihamaki/autodev/internal/tui/keys_prompt.go:18.18,19.26 1 1
github.com/SimoKiihamaki/autodev/internal/tui/keys_prompt.go:19.26,22.5 2 1
github.com/SimoKiihamaki/autodev/internal/tui/keys_prompt.go:26.2,26.13 1 1
github.com/SimoKiihamaki/autodev/internal/tui/keys_prompt.go:26.13,28.3 1 1
github.com/SimoKiihamaki/autodev/internal/tui/keys_prompt.go:30.2,30.25 1 1
github.com/SimoKiihamaki/autodev/internal/tui/keys_prompt.go:30.25,32.3 1 1
github.com/SimoKiihamaki/autodev/internal/tui/keys_prompt.go:35.2,35.30 1 1
github.com/SimoKiihamaki/autodev/internal/tui/keys_prompt.go:35.30,37.3 1 0
github.com/SimoKiihamaki/autodev/internal/tui/keys_prompt.go:39.2,41.18 3 1
github.com/SimoKiihamaki/autodev/internal/tui/keys_run.go:10.87,11.23 1 1
github.com/SimoKiihamaki/autodev/internal/tui/keys_run.go:11.23,13.3 1 1
github.com/SimoKiihamaki/autodev/internal/tui/keys_run.go:15.2,20.30 4 1
github.com/SimoKiihamaki/autodev/internal/tui/keys_run.go:20.30,21.14 1 1
github.com/SimoKiihamaki/autodev/internal/tui/keys_run.go:22.19,23.32 1 0
github.com/SimoKiihamaki/autodev/internal/tui/keys_run.go:23.32,26.48 3 0
github.com/SimoKiihamaki/autodev/internal/tui/keys_run.go:26.48,28.6 1 0
github.com/SimoKiihamaki/autodev/internal/tui/keys_run.go:29.5,30.10 2 0
github.com/SimoKiihamaki/autodev/internal/tui/keys_run.go:32.4,32.42 1 0
github.com/SimoKiihamaki/autodev/internal/tui/keys_run.go:32.42,34.5 1 0
github.com/SimoKiihamaki/autodev/internal/tui/keys_run.go:35.4,35.18 1 0
github.com/SimoKiihamaki/autodev/internal/tui/keys_run.go:36.21,39.18 3 0
github.com/SimoKiihamaki/autodev/internal/tui/keys_run.go:39.18,41.5 1 0
github.com/SimoKiihamaki/autodev/internal/tui/keys_run.go:41.10,42.52 1 0
github.com/SimoKiihamaki/autodev/internal/tui/keys_run.go:42.52,44.6 1 0
github.com/SimoKiihamaki/autodev/internal/tui/keys_run.go:44.11,46.6 1 0
github.com/SimoKiihamaki/autodev/internal/tui/keys_run.go:48.4,49.18 2 0
github.com/SimoKiihamaki/autodev/internal/tui/keys_run.go:49.18,50.48 1 0
github.com/SimoKiihamaki/autodev/internal/tui/keys_run.go:50.48,52.6 1 0
github.com/SimoKiihamaki/autodev/internal/tui/keys_run.go:54.4,54.18 1 0
github.com/SimoKiihamaki/autodev/internal/tui/keys_run.go:55.39,56.16 1 0
github.com/SimoKiihamaki/autodev/internal/tui/keys_run.go:56.16,57.13 1 0
github.com/SimoKiihamaki/autodev/internal/tui/keys_run.go:59.4,63.18 5 0
github.com/SimoKiihamaki/autodev/internal/tui/keys_run.go:64.18,65.16 1 0
github.com/SimoKiihamaki/autodev/internal/tui/keys_run.go:65.16,66.13 1 0
github.com/SimoKiihamaki/autodev/internal/tui/keys_run.go:68.4,70.18 3 0
github.com/SimoKiihamaki/autodev/internal/tui/keys_run.go:71.20,72.16 1 0
github.com/SimoKiihamaki/autodev/internal/tui/keys_run.go:72.16,73.13 1 0
github.com/SimoKiihamaki/autodev/internal/tui/keys_run.go:75.4,77.18 3 0
github.com/SimoKiihamaki/autodev/internal/tui/keys_run.go:78.21,79.16 1 0
github.com/SimoKiihamaki/autodev/internal/tui/keys_run.go:79.16,80.13 1 0
github.com/SimoKiihamaki/autodev/internal/tui/keys_run.go:82.4,84.18 3 0
github.com/SimoKiihamaki/autodev/internal/tui/keys_run.go:85.24,86.16 1 0
github.com/SimoKiihamaki/autodev/internal/tui/keys_run.go:86.16,87.13 1 0
github.com/SimoKiihamaki/autodev/internal/tui/keys_run.go:89.4,91.18 3 0
github.com/SimoKiihamaki/autodev/internal/tui/keys_run.go:92.24,96.52 4 1
github.com/SimoKiihamaki/autodev/internal/tui/keys_run.go:96.52,98.5 1 0
github.com/SimoKiihamaki/autodev/internal/tui/keys_run.go:99.4,100.18 2 1
github.com/SimoKiihamaki/autodev/internal/tui/keys_run.go:101.24,102.32 1 0
github.com/SimoKiihamaki/autodev/internal/tui/keys_run.go:102.32,103.13 1 0
github.com/SimoKiihamaki/autodev/internal/tui/keys_run.go:105.4,108.47 4 0
github.com/SimoKiihamaki/autodev/internal/tui/keys_run.go:108.47,110.5 1 0
github.com/SimoKiihamaki/autodev/internal/tui/keys_run.go:111.4,111.18 1 0
github.com/SimoKiihamaki/autodev/internal/tui/keys_run.go:112.28,113.32 1 0
github.com/SimoKiihamaki/autodev/internal/tui/keys_run.go:113.32,114.13 1 0
github.com/SimoKiihamaki/autodev/internal/tui/keys_run.go:116.4,119.47 4 0
github.com/SimoKiihamaki/autodev/internal/tui/keys_run.go:119.47,121.5 1 0
github.com/SimoKiihamaki/autodev/internal/tui/keys_run.go:122.4,122.18 1 0
github.com/SimoKiihamaki/autodev/internal/tui/keys_run.go:126.2,126.13 1 1
github.com/SimoKiihamaki/autodev/internal/tui/keys_run.go:126.13,128.3 1 1
github.com/SimoKiihamaki/autodev/internal/tui/keys_run.go:129.2,129.19 1 0
github.com/SimoKiihamaki/autodev/internal/tui/keys_settings.go:18.39,20.2 1 1
github.com/SimoKiihamaki/autodev/internal/tui/keys_settings.go:32.40,32.60 1 1
github.com/SimoKiihamaki/autodev/internal/tui/keys_settings.go:33.33,33.57 1 0
github.com/SimoKiihamaki/autodev/internal/tui/keys_settings.go:36.40,36.60 1 0
github.com/SimoKiihamaki/autodev/internal/tui/keys_settings.go:37.33,37.57 1 0
github.com/SimoKiihamaki/autodev/internal/tui/keys_settings.go:40.40,40.62 1 0
github.com/SimoKiihamaki/autodev/internal/tui/keys_settings.go:41.33,41.59 1 0
github.com/SimoKiihamaki/autodev/internal/tui/keys_settings.go:44.40,44.66 1 0
github.com/SimoKiihamaki/autodev/internal/tui/keys_settings.go:45.33,45.63 1 0
github.com/SimoKiihamaki/autodev/internal/tui/keys_settings.go:48.40,48.61 1 0
github.com/SimoKiihamaki/autodev/internal/tui/keys_settings.go:49.33,49.58 1 0
github.com/SimoKiihamaki/autodev/internal/tui/keys_settings.go:52.40,52.64 1 0
github.com/SimoKiihamaki/autodev/internal/tui/keys_settings.go:53.33,53.61 1 0
github.com/SimoKiihamaki/autodev/internal/tui/keys_settings.go:56.40,56.62 1 0
github.com/SimoKiihamaki/autodev/internal/tui/keys_settings.go:57.33,57.59 1 0
github.com/SimoKiihamaki/autodev/internal/tui/keys_settings.go:60.40,60.63 1 0
github.com/SimoKiihamaki/autodev/internal/tui/keys_settings.go:61.33,61.60 1 0
github.com/SimoKiihamaki/autodev/internal/tui/keys_settings.go:64.40,64.63 1 0
github.com/SimoKiihamaki/autodev/internal/tui/keys_settings.go:65.33,65.60 1 0
github.com/SimoKiihamaki/autodev/internal/tui/keys_settings.go:68.40,68.63 1 0
github.com/SimoKiihamaki/autodev/internal/tui/keys_settings.go:69.33,69.60 1 0
github.com/SimoKiihamaki/autodev/internal/tui/keys_settings.go:72.40,72.64 1 0
github.com/SimoKiihamaki/autodev/internal/tui/keys_settings.go:73.33,73.61 1 0
github.com/SimoKiihamaki/autodev/internal/tui/keys_settings.go:76.40,76.68 1 0
github.com/SimoKiihamaki/autodev/internal/tui/keys_settings.go:77.33,77.65 1 0
github.com/SimoKiihamaki/autodev/internal/tui/keys_settings.go:80.40,80.69 1 0
github.com/SimoKiihamaki/autodev/internal/tui/keys_settings.go:81.33,81.66 1 0
github.com/SimoKiihamaki/autodev/internal/tui/keys_settings.go:84.40,84.68 1 1
github.com/SimoKiihamaki/autodev/internal/tui/keys_settings.go:85.33,85.65 1 1
github.com/SimoKiihamaki/autodev/internal/tui/keys_settings.go:88.40,88.74 1 0
github.com/SimoKiihamaki/autodev/internal/tui/keys_settings.go:89.33,89.71 1 0
github.com/SimoKiihamaki/autodev/internal/tui/keys_settings.go:92.40,92.75 1 0
github.com/SimoKiihamaki/autodev/internal/tui/keys_settings.go:93.33,93.72 1 0
github.com/SimoKiihamaki/autodev/internal/tui/keys_settings.go:96.40,96.73 1 0
github.com/SimoKiihamaki/autodev/internal/tui/keys_settings.go:97.33,97.70 1 0
github.com/SimoKiihamaki/autodev/internal/tui/keys_settings.go:100.40,100.76 1 0
github.com/SimoKiihamaki/autodev/internal/tui/keys_settings.go:101.33,101.73 1 0
github.com/SimoKiihamaki/autodev/internal/tui/keys_settings.go:104.40,104.75 1 0
github.com/SimoKiihamaki/autodev/internal/tui/keys_settings.go:105.33,105.72 1 0
github.com/SimoKiihamaki/autodev/internal/tui/keys_settings.go:108.40,108.74 1 0
github.com/SimoKiihamaki/autodev/internal/tui/keys_settings.go:109.33,109.71 1 0
github.com/SimoKiihamaki/autodev/internal/tui/keys_settings.go:112.40,112.77 1 0
github.com/SimoKiihamaki/autodev/internal/tui/keys_settings.go:113.33,113.74 1 0
github.com/SimoKiihamaki/autodev/internal/tui/keys_settings.go:116.40,116.70 1 0
github.com/SimoKiihamaki/autodev/internal/tui/keys_settings.go:117.33,117.67 1 0
github.com/SimoKiihamaki/autodev/internal/tui/keys_settings.go:120.40,120.73 1 0
github.com/SimoKiihamaki/autodev/internal/tui/keys_settings.go:121.33,121.70 1 0
github.com/SimoKiihamaki/autodev/internal/tui/keys_settings.go:127.74,128.62 1 1
github.com/SimoKiihamaki/autodev/internal/tui/keys_settings.go:128.62,130.3 1 1
github.com/SimoKiihamaki/autodev/internal/tui/keys_settings.go:133.2,133.64 1 1
github.com/SimoKiihamaki/autodev/internal/tui/keys_settings.go:133.64,135.3 1 0
github.com/SimoKiihamaki/autodev/internal/tui/keys_settings.go:139.2,140.9 2 1
github.com/SimoKiihamaki/autodev/internal/tui/keys_settings.go:140.9,142.3 1 0
github.com/SimoKiihamaki/autodev/internal/tui/keys_settings.go:143.2,146.30 2 1
github.com/SimoKiihamaki/autodev/internal/tui/keys_settings.go:146.30,148.3 1 0
github.com/SimoKiihamaki/autodev/internal/tui/keys_settings.go:151.2,151.80 1 1
github.com/SimoKiihamaki/autodev/internal/tui/keys_settings.go:151.80,153.3 1 0
github.com/SimoKiihamaki/autodev/internal/tui/keys_settings.go:155.2,159.18 4 1
github.com/SimoKiihamaki/autodev/internal/tui/keys_settings.go:163.92,167.23 2 1
github.com/SimoKiihamaki/autodev/internal/tui/keys_settings.go:167.23,169.3 1 1
github.com/SimoKiihamaki/autodev/internal/tui/keys_settings.go:171.2,171.30 1 1
github.com/SimoKiihamaki/autodev/internal/tui/keys_settings.go:171.30,172.14 1 1
github.com/SimoKiihamaki/autodev/internal/tui/keys_settings.go:173.18,175.18 2 0
github.com/SimoKiihamaki/autodev/internal/tui/keys_settings.go:176.22,177.28 1 0
github.com/SimoKiihamaki/autodev/internal/tui/keys_settings.go:177.28,179.5 1 0
github.com/SimoKiihamaki/autodev/internal/tui/keys_settings.go:179.10,181.5 1 0
github.com/SimoKiihamaki/autodev/internal/tui/keys_settings.go:182.4,182.18 1 0
github.com/SimoKiihamaki/autodev/internal/tui/keys_settings.go:183.23,185.18 2 0
github.com/SimoKiihamaki/autodev/internal/tui/keys_settings.go:186.22,187.28 1 0
github.com/SimoKiihamaki/autodev/internal/tui/keys_settings.go:187.28,189.5 1 0
github.com/SimoKiihamaki/autodev/internal/tui/keys_settings.go:189.10,191.5 1 0
github.com/SimoKiihamaki/autodev/internal/tui/keys_settings.go:192.4,192.18 1 0
github.com/SimoKiihamaki/autodev/internal/tui/keys_settings.go:193.24,194.28 1 0
github.com/SimoKiihamaki/autodev/internal/tui/keys_settings.go:194.28,196.5 1 0
github.com/SimoKiihamaki/autodev/internal/tui/keys_settings.go:196.10,198.5 1 0
github.com/SimoKiihamaki/autodev/internal/tui/keys_settings.go:199.4,199.18 1 0
github.com/SimoKiihamaki/autodev/internal/tui/keys_settings.go:200.24,201.28 1 0
github.com/SimoKiihamaki/autodev/internal/tui/keys_settings.go:201.28,203.5 1 0
github.com/SimoKiihamaki/autodev/internal/tui/keys_settings.go:203.10,203.47 1 0
github.com/SimoKiihamaki/autodev/internal/tui/keys_settings.go:203.47,205.5 1 0
github.com/SimoKiihamaki/autodev/internal/tui/keys_settings.go:205.10,207.5 1 0
github.com/SimoKiihamaki/autodev/internal/tui/keys_settings.go:208.4,208.18 1 0
github.com/SimoKiihamaki/autodev/internal/tui/keys_settings.go:209.25,210.28 1 0
github.com/SimoKiihamaki/autodev/internal/tui/keys_settings.go:210.28,212.5 1 0
github.com/SimoKiihamaki/autodev/internal/tui/keys_settings.go:212.10,212.47 1 0
github.com/SimoKiihamaki/autodev/internal/tui/keys_settings.go:212.47,214.5 1 0
github.com/SimoKiihamaki/autodev/internal/tui/keys_settings.go:214.10,216.5 1 0
github.com/SimoKiihamaki/autodev/internal/tui/keys_settings.go:217.4,217.18 1 0
github.com/SimoKiihamaki/autodev/internal/tui/keys_settings.go:218.27,219.28 1 0
github.com/SimoKiihamaki/autodev/internal/tui/keys_settings.go:219.28,222.5 2 0
github.com/SimoKiihamaki/autodev/internal/tui/keys_settings.go:223.28,224.28 1 0
github.com/SimoKiihamaki/autodev/internal/tui/keys_settings.go:224.28,227.5 2 0
github.com/SimoKiihamaki/autodev/internal/tui/keys_settings.go:228.25,229.28 1 0
github.com/SimoKiihamaki/autodev/internal/tui/keys_settings.go:229.28,232.5 2 0
github.com/SimoKiihamaki/autodev/internal/tui/keys_settings.go:233.27,234.28 1 0
github.com/SimoKiihamaki/autodev/internal/tui/keys_settings.go:234.28,237.5 2 0
github.com/SimoKiihamaki/autodev/internal/tui/keys_settings.go:238.19,244.28 1 1
github.com/SimoKiihamaki/autodev/internal/tui/keys_settings.go:244.28,246.5 1 0
github.com/SimoKiihamaki/autodev/internal/tui/keys_settings.go:246.10,246.47 1 1
github.com/SimoKiihamaki/autodev/internal/tui/keys_settings.go:246.47,248.5 1 0
github.com/SimoKiihamaki/autodev/internal/tui/keys_settings.go:248.10,248.45 1 1
github.com/SimoKiihamaki/autodev/internal/tui/keys_settings.go:248.45,250.5 1 0
github.com/SimoKiihamaki/autodev/internal/tui/keys_settings.go:250.10,252.5 1 1
github.com/SimoKiihamaki/autodev/internal/tui/keys_settings.go:253.4,253.18 1 1
github.com/SimoKiihamaki/autodev/internal/tui/keys_settings.go:254.25,255.38 1 1
github.com/SimoKiihamaki/autodev/internal/tui/keys_settings.go:255.38,257.5 1 1
github.com/SimoKiihamaki/autodev/internal/tui/keys_settings.go:257.10,257.47 1 0
github.com/SimoKiihamaki/autodev/internal/tui/keys_settings.go:257.47,260.5 2 0
github.com/SimoKiihamaki/autodev/internal/tui/keys_settings.go:264.2,264.13 1 1
github.com/SimoKiihamaki/autodev/internal/tui/keys_settings.go:264.13,266.3 1 1
github.com/SimoKiihamaki/autodev/internal/tui/keys_settings.go:269.2,269.40 1 0
github.com/SimoKiihamaki/autodev/internal/tui/keys_settings.go:273.54,275.18 2 1
github.com/SimoKiihamaki/autodev/internal/tui/keys_settings.go:275.18,277.3 1 0
github.com/SimoKiihamaki/autodev/internal/tui/keys_settings.go:279.2,282.61 4 1
github.com/SimoKiihamaki/autodev/internal/tui/keys_settings.go:282.61,284.3 1 0
github.com/SimoKiihamaki/autodev/internal/tui/keys_settings.go:284.8,286.3 1 1
github.com/SimoKiihamaki/autodev/internal/tui/keys_settings.go:287.2,291.18 4 1
github.com/SimoKiihamaki/autodev/internal/tui/keys_settings.go:297.69,298.51 1 1
github.com/SimoKiihamaki/autodev/internal/tui/keys_settings.go:298.51,300.3 1 1
github.com/SimoKiihamaki/autodev/internal/tui/keys_settings.go:305.78,306.51 1 1
github.com/SimoKiihamaki/autodev/internal/tui/keys_settings.go:306.51,309.3 2 1
github.com/SimoKiihamaki/autodev/internal/tui/keys_settings.go:314.67,315.51 1 0
github.com/SimoKiihamaki/autodev/internal/tui/keys_settings.go:315.51,317.3 1 0
github.com/SimoKiihamaki/autodev/internal/tui/keys_settings.go:318.2,318.12 1 0
github.com/SimoKiihamaki/autodev/internal/tui/keys_settings.go:323.73,324.58 1 0
github.com/SimoKiihamaki/autodev/internal/tui/keys_settings.go:324.58,326.3 1 0
github.com/SimoKiihamaki/autodev/internal/tui/keys_settings.go:330.68,333.64 3 0
github.com/SimoKiihamaki/autodev/internal/tui/keys_settings.go:333.64,335.3 1 0
github.com/SimoKiihamaki/autodev/internal/tui/logging.go:12.37,13.22 1 0
github.com/SimoKiihamaki/autodev/internal/tui/logging.go:13.22,15.3 1 0
github.com/SimoKiihamaki/autodev/internal/tui/logging.go:16.2,18.16 3 0
github.com/SimoKiihamaki/autodev/internal/tui/logging.go:18.16,24.3 5 0
github.com/SimoKiihamaki/autodev/internal/tui/logging.go:25.2,26.51 2 0
github.com/SimoKiihamaki/autodev/internal/tui/logging.go:26.51,32.3 5 0
github.com/SimoKiihamaki/autodev/internal/tui/logging.go:33.2,33.48 1 0
github.com/SimoKiihamaki/autodev/internal/tui/logging.go:33.48,39.3 5 0
github.com/SimoKiihamaki/autodev/internal/tui/logging.go:40.2,43.36 4 0
github.com/SimoKiihamaki/autodev/internal/tui/logging.go:48.45,52.25 1 1
github.com/SimoKiihamaki/autodev/internal/tui/logging.go:52.25,54.45 2 0
github.com/SimoKiihamaki/autodev/internal/tui/logging.go:54.45,56.4 1 0
github.com/SimoKiihamaki/autodev/internal/tui/logging.go:57.3,57.24 1 0
github.com/SimoKiihamaki/autodev/internal/tui/messages.go:12.30,13.14 1 1
github.com/SimoKiihamaki/autodev/internal/tui/messages.go:13.14,15.3 1 1
github.com/SimoKiihamaki/autodev/internal/tui/messages.go:16.2,16.11 1 1
github.com/SimoKiihamaki/autodev/internal/tui/messages.go:20.34,22.2 1 1
github.com/SimoKiihamaki/autodev/internal/tui/messages.go:63.41,64.20 1 1
github.com/SimoKiihamaki/autodev/internal/tui/messages.go:64.20,66.3 1 0
github.com/SimoKiihamaki/autodev/internal/tui/messages.go:67.2,69.19 3 1
github.com/SimoKiihamaki/autodev/internal/tui/messages.go:69.19,71.3 1 0
github.com/SimoKiihamaki/autodev/internal/tui/messages.go:72.2,72.24 1 1
github.com/SimoKiihamaki/autodev/internal/tui/messages.go:72.24,76.10 2 1
github.com/SimoKiihamaki/autodev/internal/tui/messages.go:76.10,78.4 1 1
github.com/SimoKiihamaki/autodev/internal/tui/messages.go:80.3,85.47 4 1
github.com/SimoKiihamaki/autodev/internal/tui/messages.go:85.47,86.11 1 1
github.com/SimoKiihamaki/autodev/internal/tui/messages.go:87.33,88.12 1 1
github.com/SimoKiihamaki/autodev/internal/tui/messages.go:88.12,90.11 2 1
github.com/SimoKiihamaki/autodev/internal/tui/messages.go:92.5,92.32 1 1
github.com/SimoKiihamaki/autodev/internal/tui/messages.go:93.12,95.52 1 1
github.com/SimoKiihamaki/autodev/internal/tui/messages.go:99.3,99.58 1 1
github.com/SimoKiihamaki/autodev/internal/tui/messages.go:103.41,104.24 1 0
github.com/SimoKiihamaki/autodev/internal/tui/messages.go:104.24,106.3 1 0
github.com/SimoKiihamaki/autodev/internal/tui/messages.go:107.2,108.24 2 0
github.com/SimoKiihamaki/autodev/internal/tui/messages.go:108.24,112.10 2 0
github.com/SimoKiihamaki/autodev/internal/tui/messages.go:112.10,114.4 1 0
github.com/SimoKiihamaki/autodev/internal/tui/messages.go:115.3,115.32 1 0
github.com/SimoKiihamaki/autodev/internal/tui/model.go:25.40,26.37 1 0
github.com/SimoKiihamaki/autodev/internal/tui/model.go:26.37,28.3 1 0
github.com/SimoKiihamaki/autodev/internal/tui/model.go:33.26,35.21 1 0
github.com/SimoKiihamaki/autodev/internal/tui/model.go:35.21,37.3 1 0
github.com/SimoKiihamaki/autodev/internal/tui/model.go:39.2,39.27 1 0
github.com/SimoKiihamaki/autodev/internal/tui/model.go:87.46,88.11 1 1
github.com/SimoKiihamaki/autodev/internal/tui/model.go:89.22,90.32 1 1
github.com/SimoKiihamaki/autodev/internal/tui/model.go:91.10,92.31 1 1
github.com/SimoKiihamaki/autodev/internal/tui/model.go:96.45,99.29 3 0
github.com/SimoKiihamaki/autodev/internal/tui/model.go:99.29,101.17 2 0
github.com/SimoKiihamaki/autodev/internal/tui/model.go:101.17,103.4 1 0
github.com/SimoKiihamaki/autodev/internal/tui/model.go:105.2,105.88 1 0
github.com/SimoKiihamaki/autodev/internal/tui/model.go:108.36,108.54 1 0
github.com/SimoKiihamaki/autodev/internal/tui/model.go:109.36,109.53 1 0
github.com/SimoKiihamaki/autodev/internal/tui/model.go:110.36,112.2 1 0
github.com/SimoKiihamaki/autodev/internal/tui/model.go:267.18,300.27 24 0
github.com/SimoKiihamaki/autodev/internal/tui/model.go:300.27,302.3 1 0
github.com/SimoKiihamaki/autodev/internal/tui/model.go:302.8,304.3 1 0
github.com/SimoKiihamaki/autodev/internal/tui/model.go:305.2,335.10 23 0
github.com/SimoKiihamaki/autodev/internal/tui/model.go:338.62,340.15 2 1
github.com/SimoKiihamaki/autodev/internal/tui/model.go:340.15,342.3 1 0
github.com/SimoKiihamaki/autodev/internal/tui/model.go:343.2,343.14 1 1
github.com/SimoKiihamaki/autodev/internal/tui/model.go:343.14,345.61 1 1
github.com/SimoKiihamaki/autodev/internal/tui/model.go:345.61,347.4 1 1
github.com/SimoKiihamaki/autodev/internal/tui/model.go:347.9,349.4 1 1
github.com/SimoKiihamaki/autodev/internal/tui/model.go:351.2,358.47 4 1
github.com/SimoKiihamaki/autodev/internal/tui/model.go:358.47,360.3 1 0
github.com/SimoKiihamaki/autodev/internal/tui/model.go:363.43,393.45 26 1
github.com/SimoKiihamaki/autodev/internal/tui/model.go:393.45,395.3 1 1
github.com/SimoKiihamaki/autodev/internal/tui/model.go:396.2,396.12 1 0
github.com/SimoKiihamaki/autodev/internal/tui/model.go:399.68,405.2 5 1
github.com/SimoKiihamaki/autodev/internal/tui/model.go:408.32,409.7 1 1
github.com/SimoKiihamaki/autodev/internal/tui/model.go:409.7,411.3 1 1
github.com/SimoKiihamaki/autodev/internal/tui/model.go:412.2,412.16 1 1
github.com/SimoKiihamaki/autodev/internal/tui/model.go:415.38,482.2 25 1
github.com/SimoKiihamaki/autodev/internal/tui/model.go:486.45,489.2 2 1
github.com/SimoKiihamaki/autodev/internal/tui/model.go:491.39,498.2 4 1
github.com/SimoKiihamaki/autodev/internal/tui/model.go:500.61,501.29 1 1
github.com/SimoKiihamaki/autodev/internal/tui/model.go:501.29,502.50 1 1
github.com/SimoKiihamaki/autodev/internal/tui/model.go:503.31,504.25 1 1
github.com/SimoKiihamaki/autodev/internal/tui/model.go:507.2,507.22 1 1
github.com/SimoKiihamaki/autodev/internal/tui/model.go:510.31,512.2 1 0
github.com/SimoKiihamaki/autodev/internal/tui/model.go:515.33,518.2 2 1
github.com/SimoKiihamaki/autodev/internal/tui/model.go:520.38,522.2 1 1
github.com/SimoKiihamaki/autodev/internal/tui/model.go:524.39,525.48 1 1
github.com/SimoKiihamaki/autodev/internal/tui/model.go:525.48,527.3 1 1
github.com/SimoKiihamaki/autodev/internal/tui/model.go:528.2,528.41 1 1
github.com/SimoKiihamaki/autodev/internal/tui/model.go:528.41,529.38 1 1
github.com/SimoKiihamaki/autodev/internal/tui/model.go:529.38,531.4 1 1
github.com/SimoKiihamaki/autodev/internal/tui/model.go:533.2,533.50 1 1
github.com/SimoKiihamaki/autodev/internal/tui/model.go:536.36,538.2 1 1
github.com/SimoKiihamaki/autodev/internal/tui/model.go:540.32,542.2 1 1
github.com/SimoKiihamaki/autodev/internal/tui/model.go:544.67,549.2 4 1
github.com/SimoKiihamaki/autodev/internal/tui/model.go:551.36,554.2 2 1
github.com/SimoKiihamaki/autodev/internal/tui/model.go:556.29,559.2 2 0
github.com/SimoKiihamaki/autodev/internal/tui/model.go:561.46,562.76 1 0
github.com/SimoKiihamaki/autodev/internal/tui/model.go:562.76,566.46 4 0
github.com/SimoKiihamaki/autodev/internal/tui/model.go:566.46,568.4 1 0
github.com/SimoKiihamaki/autodev/internal/tui/model.go:569.3,569.13 1 0
github.com/SimoKiihamaki/autodev/internal/tui/model.go:572.2,572.25 1 0
github.com/SimoKiihamaki/autodev/internal/tui/model.go:572.25,573.24 1 0
github.com/SimoKiihamaki/autodev/internal/tui/model.go:573.24,575.4 1 0
github.com/SimoKiihamaki/autodev/internal/tui/model.go:576.3,578.35 3 0
github.com/SimoKiihamaki/autodev/internal/tui/model.go:582.2,582.23 1 0
github.com/SimoKiihamaki/autodev/internal/tui/model.go:585.36,589.20 4 0
github.com/SimoKiihamaki/autodev/internal/tui/model.go:589.20,591.3 1 0
github.com/SimoKiihamaki/autodev/internal/tui/model.go:594.37,597.2 2 1
github.com/SimoKiihamaki/autodev/internal/tui/model.go:599.46,600.26 1 0
github.com/SimoKiihamaki/autodev/internal/tui/model.go:600.26,602.3 1 0
github.com/SimoKiihamaki/autodev/internal/tui/model.go:603.2,604.16 2 0
github.com/SimoKiihamaki/autodev/internal/tui/model.go:604.16,606.3 1 0
github.com/SimoKiihamaki/autodev/internal/tui/model.go:607.2,608.8 2 0
github.com/SimoKiihamaki/autodev/internal/tui/model.go:608.8,610.3 1 0
github.com/SimoKiihamaki/autodev/internal/tui/model.go:613.38,614.69 1 1
github.com/SimoKiihamaki/autodev/internal/tui/model.go:614.69,616.3 1 0
github.com/SimoKiihamaki/autodev/internal/tui/model.go:617.2,617.27 1 1
github.com/SimoKiihamaki/autodev/internal/tui/model.go:620.45,621.39 1 0
github.com/SimoKiihamaki/autodev/internal/tui/model.go:621.39,623.3 1 0
github.com/SimoKiihamaki/autodev/internal/tui/model.go:624.2,624.32 1 0
github.com/SimoKiihamaki/autodev/internal/tui/model.go:627.45,628.48 1 1
github.com/SimoKiihamaki/autodev/internal/tui/model.go:628.48,630.3 1 0
github.com/SimoKiihamaki/autodev/internal/tui/model.go:633.49,634.35 1 1
github.com/SimoKiihamaki/autodev/internal/tui/model.go:634.35,636.3 1 0
github.com/SimoKiihamaki/autodev/internal/tui/model.go:637.2,638.13 2 1
github.com/SimoKiihamaki/autodev/internal/tui/model.go:641.50,642.31 1 1
github.com/SimoKiihamaki/autodev/internal/tui/model.go:642.31,643.20 1 0
github.com/SimoKiihamaki/autodev/internal/tui/model.go:643.20,645.4 1 0
github.com/SimoKiihamaki/autodev/internal/tui/model.go:647.2,647.11 1 1
github.com/SimoKiihamaki/autodev/internal/tui/model.go:650.41,652.2 1 0
github.com/SimoKiihamaki/autodev/internal/tui/model.go:656.40,657.25 1 1
github.com/SimoKiihamaki/autodev/internal/tui/model.go:657.25,659.3 1 1
github.com/SimoKiihamaki/autodev/internal/tui/model.go:660.2,660.20 1 0
github.com/SimoKiihamaki/autodev/internal/tui/model.go:660.20,662.3 1 0
github.com/SimoKiihamaki/autodev/internal/tui/model.go:663.2,663.11 1 0
github.com/SimoKiihamaki/autodev/internal/tui/model.go:674.27,676.21 1 1
github.com/SimoKiihamaki/autodev/internal/tui/model.go:676.21,679.3 2 0
github.com/SimoKiihamaki/autodev/internal/tui/model.go:686.2,690.27 3 1
github.com/SimoKiihamaki/autodev/internal/tui/path.go:17.109,19.25 2 0
github.com/SimoKiihamaki/autodev/internal/tui/path.go:19.25,20.28 1 0
github.com/SimoKiihamaki/autodev/internal/tui/path.go:20.28,22.4 1 0
github.com/SimoKiihamaki/autodev/internal/tui/path.go:25.2,27.32 3 0
github.com/SimoKiihamaki/autodev/internal/tui/path.go:27.32,28.17 1 0
github.com/SimoKiihamaki/autodev/internal/tui/path.go:28.17,30.4 1 0
github.com/SimoKiihamaki/autodev/internal/tui/path.go:31.3,31.76 1 0
github.com/SimoKiihamaki/autodev/internal/tui/path.go:34.2,34.23 1 0
github.com/SimoKiihamaki/autodev/internal/tui/path.go:34.23,36.3 1 0
github.com/SimoKiihamaki/autodev/internal/tui/path.go:38.2,38.16 1 0
github.com/SimoKiihamaki/autodev/internal/tui/path.go:38.16,40.3 1 0
github.com/SimoKiihamaki/autodev/internal/tui/path.go:42.2,42.45 1 0
github.com/SimoKiihamaki/autodev/internal/tui/path.go:42.45,48.3 5 0
github.com/SimoKiihamaki/autodev/internal/tui/path.go:50.2,50.39 1 0
github.com/SimoKiihamaki/autodev/internal/tui/path.go:50.39,52.3 1 0
github.com/SimoKiihamaki/autodev/internal/tui/path.go:54.2,54.22 1 0
github.com/SimoKiihamaki/autodev/internal/tui/path.go:54.22,56.3 1 0
github.com/SimoKiihamaki/autodev/internal/tui/path.go:58.2,59.34 2 0
github.com/SimoKiihamaki/autodev/internal/tui/path.go:59.34,61.16 2 0
github.com/SimoKiihamaki/autodev/internal/tui/path.go:61.16,62.12 1 0
github.com/SimoKiihamaki/autodev/internal/tui/path.go:64.3,65.32 2 0
github.com/SimoKiihamaki/autodev/internal/tui/path.go:65.32,67.4 1 0
github.com/SimoKiihamaki/autodev/internal/tui/path.go:68.3,68.29 1 0
github.com/SimoKiihamaki/autodev/internal/tui/path.go:68.29,69.12 1 0
github.com/SimoKiihamaki/autodev/internal/tui/path.go:71.3,72.18 2 0
github.com/SimoKiihamaki/autodev/internal/tui/path.go:72.18,75.4 2 0
github.com/SimoKiihamaki/autodev/internal/tui/path.go:78.2,78.96 1 0
github.com/SimoKiihamaki/autodev/internal/tui/path.go:81.39,83.16 2 1
github.com/SimoKiihamaki/autodev/internal/tui/path.go:83.16,85.3 1 0
github.com/SimoKiihamaki/autodev/internal/tui/path.go:86.2,86.27 1 1
github.com/SimoKiihamaki/autodev/internal/tui/path.go:86.27,88.17 2 0
github.com/SimoKiihamaki/autodev/internal/tui/path.go:88.17,90.4 1 0
github.com/SimoKiihamaki/autodev/internal/tui/path.go:92.2,92.29 1 1
github.com/SimoKiihamaki/autodev/internal/tui/path.go:95.31,97.16 2 0
github.com/SimoKiihamaki/autodev/internal/tui/path.go:97.16,99.3 1 0
github.com/SimoKiihamaki/autodev/internal/tui/path.go:100.2,100.22 1 0
github.com/SimoKiihamaki/autodev/internal/tui/path.go:103.35,104.24 1 0
github.com/SimoKiihamaki/autodev/internal/tui/path.go:104.24,106.3 1 0
github.com/SimoKiihamaki/autodev/internal/tui/path.go:107.2,107.24 1 0
github.com/SimoKiihamaki/autodev/internal/tui/path.go:107.24,109.3 1 0
github.com/SimoKiihamaki/autodev/internal/tui/path.go:110.2,110.31 1 0
github.com/SimoKiihamaki/autodev/internal/tui/path.go:110.31,112.3 1 0
github.com/SimoKiihamaki/autodev/internal/tui/path.go:113.2,113.47 1 0
github.com/SimoKiihamaki/autodev/internal/tui/path.go:116.41,118.16 2 1
github.com/SimoKiihamaki/autodev/internal/tui/path.go:118.16,120.3 1 0
github.com/SimoKiihamaki/autodev/internal/tui/path.go:121.2,122.16 2 1
github.com/SimoKiihamaki/autodev/internal/tui/path.go:122.16,124.32 2 1
github.com/SimoKiihamaki/autodev/internal/tui/path.go:124.32,127.74 3 0
github.com/SimoKiihamaki/autodev/internal/tui/path.go:127.74,129.5 1 0
github.com/SimoKiihamaki/autodev/internal/tui/path.go:130.4,130.37 1 0
github.com/SimoKiihamaki/autodev/internal/tui/path.go:130.37,132.5 1 0
github.com/SimoKiihamaki/autodev/internal/tui/path.go:133.9,134.64 1 1
github.com/SimoKiihamaki/autodev/internal/tui/path.go:134.64,136.5 1 0
github.com/SimoKiihamaki/autodev/internal/tui/path.go:137.4,137.20 1 1
github.com/SimoKiihamaki/autodev/internal/tui/path.go:137.20,139.5 1 0
github.com/SimoKiihamaki/autodev/internal/tui/path.go:142.2,142.13 1 1
github.com/SimoKiihamaki/autodev/internal/tui/prd.go:18.44,21.27 3 1
github.com/SimoKiihamaki/autodev/internal/tui/prd.go:21.27,23.20 2 1
github.com/SimoKiihamaki/autodev/internal/tui/prd.go:23.20,24.12 1 1
github.com/SimoKiihamaki/autodev/internal/tui/prd.go:26.3,27.29 2 1
github.com/SimoKiihamaki/autodev/internal/tui/prd.go:27.29,28.12 1 1
github.com/SimoKiihamaki/autodev/internal/tui/prd.go:30.3,31.43 2 1
github.com/SimoKiihamaki/autodev/internal/tui/prd.go:33.2,33.19 1 1
github.com/SimoKiihamaki/autodev/internal/tui/prd.go:36.30,38.2 1 0
github.com/SimoKiihamaki/autodev/internal/tui/prd.go:40.38,41.24 1 0
github.com/SimoKiihamaki/autodev/internal/tui/prd.go:41.24,44.17 3 0
github.com/SimoKiihamaki/autodev/internal/tui/prd.go:44.17,46.4 1 0
github.com/SimoKiihamaki/autodev/internal/tui/prd.go:47.3,47.79 1 0
github.com/SimoKiihamaki/autodev/internal/tui/prd.go:47.79,48.18 1 0
github.com/SimoKiihamaki/autodev/internal/tui/prd.go:48.18,50.5 1 0
github.com/SimoKiihamaki/autodev/internal/tui/prd.go:51.4,51.17 1 0
github.com/SimoKiihamaki/autodev/internal/tui/prd.go:51.17,53.22 2 0
github.com/SimoKiihamaki/autodev/internal/tui/prd.go:53.22,55.6 1 0
github.com/SimoKiihamaki/autodev/internal/tui/prd.go:56.5,56.57 1 0
github.com/SimoKiihamaki/autodev/internal/tui/prd.go:56.57,58.6 1 0
github.com/SimoKiihamaki/autodev/internal/tui/prd.go:59.5,59.15 1 0
github.com/SimoKiihamaki/autodev/internal/tui/prd.go:61.4,61.59 1 0
github.com/SimoKiihamaki/autodev/internal/tui/prd.go:61.59,63.22 2 0
github.com/SimoKiihamaki/autodev/internal/tui/prd.go:63.22,65.6 1 0
github.com/SimoKiihamaki/autodev/internal/tui/prd.go:66.5,66.56 1 0
github.com/SimoKiihamaki/autodev/internal/tui/prd.go:68.4,68.14 1 0
github.com/SimoKiihamaki/autodev/internal/tui/prd.go:70.3,70.41 1 0
github.com/SimoKiihamaki/autodev/internal/tui/prd.go:70.41,72.4 1 0
github.com/SimoKiihamaki/autodev/internal/tui/prd.go:73.3,74.24 2 0
github.com/SimoKiihamaki/autodev/internal/tui/prd.go:74.24,76.4 1 0
github.com/SimoKiihamaki/autodev/internal/tui/prd.go:77.3,77.34 1 0
github.com/SimoKiihamaki/autodev/internal/tui/prd.go:81.54,82.21 1 1
github.com/SimoKiihamaki/autodev/internal/tui/prd.go:82.21,85.3 2 1
github.com/SimoKiihamaki/autodev/internal/tui/prd.go:87.2,87.27 1 0
github.com/SimoKiihamaki/autodev/internal/tui/prd.go:87.27,89.39 2 0
github.com/SimoKiihamaki/autodev/internal/tui/prd.go:89.39,91.4 1 0
github.com/SimoKiihamaki/autodev/internal/tui/prd.go:94.2,96.27 3 0
github.com/SimoKiihamaki/autodev/internal/tui/prd.go:96.27,98.10 2 0
github.com/SimoKiihamaki/autodev/internal/tui/prd.go:98.10,99.12 1 0
github.com/SimoKiihamaki/autodev/internal/tui/prd.go:101.3,101.71 1 0
github.com/SimoKiihamaki/autodev/internal/tui/prd.go:101.71,102.55 1 0
github.com/SimoKiihamaki/autodev/internal/tui/prd.go:102.55,105.5 2 0
github.com/SimoKiihamaki/autodev/internal/tui/prd.go:109.2,109.20 1 0
github.com/SimoKiihamaki/autodev/internal/tui/prd.go:109.20,110.38 1 0
github.com/SimoKiihamaki/autodev/internal/tui/prd.go:110.38,112.4 1 0
github.com/SimoKiihamaki/autodev/internal/tui/prd.go:115.2,116.20 2 0
github.com/SimoKiihamaki/autodev/internal/tui/prd.go:116.20,118.43 2 0
github.com/SimoKiihamaki/autodev/internal/tui/prd.go:118.43,120.4 1 0
github.com/SimoKiihamaki/autodev/internal/tui/prd.go:120.9,122.4 1 0
github.com/SimoKiihamaki/autodev/internal/tui/prd.go:123.3,123.41 1 0
github.com/SimoKiihamaki/autodev/internal/tui/prd.go:123.41,125.4 1 0
github.com/SimoKiihamaki/autodev/internal/tui/prd.go:126.3,127.9 2 0
github.com/SimoKiihamaki/autodev/internal/tui/prd.go:130.2,130.44 1 0
github.com/SimoKiihamaki/autodev/internal/tui/prd.go:133.53,134.25 1 1
github.com/SimoKiihamaki/autodev/internal/tui/prd.go:134.25,136.3 1 0
github.com/SimoKiihamaki/autodev/internal/tui/prd.go:137.2,139.22 3 1
github.com/SimoKiihamaki/autodev/internal/tui/prd.go:142.43,144.16 2 1
github.com/SimoKiihamaki/autodev/internal/tui/prd.go:144.16,146.3 1 1
github.com/SimoKiihamaki/autodev/internal/tui/prd.go:147.2,149.66 3 0
github.com/SimoKiihamaki/autodev/internal/tui/prd.go:149.66,151.3 1 0
github.com/SimoKiihamaki/autodev/internal/tui/prd.go:152.2,153.84 2 0
github.com/SimoKiihamaki/autodev/internal/tui/prd.go:153.84,155.3 1 0
github.com/SimoKiihamaki/autodev/internal/tui/prd.go:156.2,156.49 1 0
github.com/SimoKiihamaki/autodev/internal/tui/prd.go:160.45,161.25 1 1
github.com/SimoKiihamaki/autodev/internal/tui/prd.go:161.25,163.3 1 1
github.com/SimoKiihamaki/autodev/internal/tui/prd.go:164.2,165.24 2 0
github.com/SimoKiihamaki/autodev/internal/tui/prd.go:165.24,167.17 2 0
github.com/SimoKiihamaki/autodev/internal/tui/prd.go:167.17,169.4 1 0
github.com/SimoKiihamaki/autodev/internal/tui/prd.go:172.3,174.33 3 0
github.com/SimoKiihamaki/autodev/internal/tui/prd.go:174.33,176.4 1 0
github.com/SimoKiihamaki/autodev/internal/tui/prd.go:179.3,180.17 2 0
github.com/SimoKiihamaki/autodev/internal/tui/prd.go:180.17,183.4 1 0
github.com/SimoKiihamaki/autodev/internal/tui/prd.go:185.3,185.54 1 0
github.com/SimoKiihamaki/autodev/internal/tui/run.go:43.65,44.15 1 0
github.com/SimoKiihamaki/autodev/internal/tui/run.go:44.15,45.31 1 0
github.com/SimoKiihamaki/autodev/internal/tui/run.go:45.31,48.4 1 0
github.com/SimoKiihamaki/autodev/internal/tui/run.go:50.2,50.9 1 0
github.com/SimoKiihamaki/autodev/internal/tui/run.go:51.21,51.21 0 0
github.com/SimoKiihamaki/autodev/internal/tui/run.go:52.44,55.117 1 0
github.com/SimoKiihamaki/autodev/internal/tui/run.go:59.37,61.15 2 1
github.com/SimoKiihamaki/autodev/internal/tui/run.go:61.15,64.3 2 0
github.com/SimoKiihamaki/autodev/internal/tui/run.go:65.2,66.46 2 1
github.com/SimoKiihamaki/autodev/internal/tui/run.go:66.46,68.3 1 0
github.com/SimoKiihamaki/autodev/internal/tui/run.go:69.2,69.40 1 1
github.com/SimoKiihamaki/autodev/internal/tui/run.go:69.40,72.3 2 1
github.com/SimoKiihamaki/autodev/internal/tui/run.go:73.2,73.25 1 0
github.com/SimoKiihamaki/autodev/internal/tui/run.go:76.44,78.2 1 0
github.com/SimoKiihamaki/autodev/internal/tui/run.go:80.39,81.30 1 0
github.com/SimoKiihamaki/autodev/internal/tui/run.go:81.30,84.25 3 0
github.com/SimoKiihamaki/autodev/internal/tui/run.go:84.25,84.57 1 0
github.com/SimoKiihamaki/autodev/internal/tui/run.go:86.2,87.29 2 0
github.com/SimoKiihamaki/autodev/internal/tui/run.go:87.29,90.3 2 0
github.com/SimoKiihamaki/autodev/internal/tui/run.go:91.2,95.25 4 0
github.com/SimoKiihamaki/autodev/internal/tui/run.go:95.25,98.25 3 0
github.com/SimoKiihamaki/autodev/internal/tui/run.go:98.25,98.70 1 0
github.com/SimoKiihamaki/autodev/internal/tui/run.go:100.2,100.44 1 0
github.com/SimoKiihamaki/autodev/internal/tui/run.go:100.44,103.25 3 0
github.com/SimoKiihamaki/autodev/internal/tui/run.go:103.25,103.64 1 0
github.com/SimoKiihamaki/autodev/internal/tui/run.go:105.2,105.43 1 0
github.com/SimoKiihamaki/autodev/internal/tui/run.go:105.43,110.25 5 0
github.com/SimoKiihamaki/autodev/internal/tui/run.go:110.25,110.73 1 0
github.com/SimoKiihamaki/autodev/internal/tui/run.go:112.2,121.98 6 0
github.com/SimoKiihamaki/autodev/internal/tui/run.go:121.98,123.3 1 0
github.com/SimoKiihamaki/autodev/internal/tui/run.go:124.2,144.97 10 0
github.com/SimoKiihamaki/autodev/internal/tui/run.go:144.97,147.16 2 0
github.com/SimoKiihamaki/autodev/internal/tui/run.go:147.16,148.32 1 0
github.com/SimoKiihamaki/autodev/internal/tui/run.go:148.32,152.20 4 0
github.com/SimoKiihamaki/autodev/internal/tui/run.go:152.20,154.6 1 0
github.com/SimoKiihamaki/autodev/internal/tui/run.go:155.5,156.19 2 0
github.com/SimoKiihamaki/autodev/internal/tui/run.go:158.4,158.45 1 0
github.com/SimoKiihamaki/autodev/internal/tui/run.go:158.45,160.5 1 0
github.com/SimoKiihamaki/autodev/internal/tui/run.go:161.4,161.11 1 0
github.com/SimoKiihamaki/autodev/internal/tui/run.go:162.25,162.25 0 0
github.com/SimoKiihamaki/autodev/internal/tui/run.go:163.22,163.22 0 0
github.com/SimoKiihamaki/autodev/internal/tui/run.go:165.4,165.19 1 0
github.com/SimoKiihamaki/autodev/internal/tui/run.go:167.3,167.22 1 0
github.com/SimoKiihamaki/autodev/internal/tui/run.go:170.2,170.34 1 0
github.com/SimoKiihamaki/autodev/internal/tui/run.go:170.34,170.58 1 0
github.com/SimoKiihamaki/autodev/internal/tui/run.go:173.41,176.16 3 0
github.com/SimoKiihamaki/autodev/internal/tui/run.go:176.16,178.3 1 0
github.com/SimoKiihamaki/autodev/internal/tui/run.go:179.2,179.64 1 0
github.com/SimoKiihamaki/autodev/internal/tui/run.go:179.64,181.3 1 0
github.com/SimoKiihamaki/autodev/internal/tui/run.go:182.2,182.54 1 0
github.com/SimoKiihamaki/autodev/internal/tui/run.go:182.54,184.3 1 0
github.com/SimoKiihamaki/autodev/internal/tui/run.go:185.2,185.49 1 0
github.com/SimoKiihamaki/autodev/internal/tui/run.go:185.49,187.3 1 0
github.com/SimoKiihamaki/autodev/internal/tui/run.go:188.2,189.66 2 0
github.com/SimoKiihamaki/autodev/internal/tui/run.go:189.66,190.17 1 0
github.com/SimoKiihamaki/autodev/internal/tui/run.go:190.17,195.4 1 0
github.com/SimoKiihamaki/autodev/internal/tui/run.go:196.3,199.4 1 0
github.com/SimoKiihamaki/autodev/internal/tui/run.go:201.2,202.16 2 0
github.com/SimoKiihamaki/autodev/internal/tui/run.go:202.16,204.3 1 0
github.com/SimoKiihamaki/autodev/internal/tui/run.go:205.2,205.18 1 0
github.com/SimoKiihamaki/autodev/internal/tui/run.go:205.18,207.3 1 0
github.com/SimoKiihamaki/autodev/internal/tui/run.go:208.2,208.63 1 0
github.com/SimoKiihamaki/autodev/internal/tui/run.go:208.63,210.3 1 0
github.com/SimoKiihamaki/autodev/internal/tui/run.go:211.2,211.12 1 0
github.com/SimoKiihamaki/autodev/internal/tui/run.go:214.56,216.65 2 0
github.com/SimoKiihamaki/autodev/internal/tui/run.go:216.65,219.3 2 0
github.com/SimoKiihamaki/autodev/internal/tui/run.go:220.2,220.29 1 0
github.com/SimoKiihamaki/autodev/internal/tui/run.go:220.29,222.14 2 0
github.com/SimoKiihamaki/autodev/internal/tui/run.go:222.14,223.22 1 0
github.com/SimoKiihamaki/autodev/internal/tui/run.go:223.22,225.5 1 0
github.com/SimoKiihamaki/autodev/internal/tui/run.go:226.9,228.4 1 0
github.com/SimoKiihamaki/autodev/internal/tui/run.go:230.2,230.13 1 0
github.com/SimoKiihamaki/autodev/internal/tui/run.go:230.13,232.3 1 0
github.com/SimoKiihamaki/autodev/internal/tui/run.go:233.2,233.14 1 0
github.com/SimoKiihamaki/autodev/internal/tui/run.go:237.52,238.33 1 1
github.com/SimoKiihamaki/autodev/internal/tui/run.go:238.33,240.3 1 0
github.com/SimoKiihamaki/autodev/internal/tui/run.go:243.52,247.2 3 0
github.com/SimoKiihamaki/autodev/internal/tui/run.go:249.94,262.57 11 1
github.com/SimoKiihamaki/autodev/internal/tui/run.go:262.57,264.17 2 1
github.com/SimoKiihamaki/autodev/internal/tui/run.go:264.17,267.4 2 0
github.com/SimoKiihamaki/autodev/internal/tui/run.go:268.3,268.13 1 1
github.com/SimoKiihamaki/autodev/internal/tui/run.go:271.2,271.62 1 1
github.com/SimoKiihamaki/autodev/internal/tui/run.go:271.62,272.12 1 1
github.com/SimoKiihamaki/autodev/internal/tui/run.go:272.12,274.4 1 0
github.com/SimoKiihamaki/autodev/internal/tui/run.go:275.3,276.33 2 1
github.com/SimoKiihamaki/autodev/internal/tui/run.go:278.2,278.69 1 1
github.com/SimoKiihamaki/autodev/internal/tui/run.go:278.69,279.13 1 1
github.com/SimoKiihamaki/autodev/internal/tui/run.go:279.13,281.4 1 1
github.com/SimoKiihamaki/autodev/internal/tui/run.go:282.3,283.39 2 1
github.com/SimoKiihamaki/autodev/internal/tui/run.go:285.2,285.68 1 1
github.com/SimoKiihamaki/autodev/internal/tui/run.go:285.68,286.12 1 1
github.com/SimoKiihamaki/autodev/internal/tui/run.go:286.12,288.4 1 0
github.com/SimoKiihamaki/autodev/internal/tui/run.go:289.3,290.38 2 1
github.com/SimoKiihamaki/autodev/internal/tui/run.go:292.2,292.66 1 1
github.com/SimoKiihamaki/autodev/internal/tui/run.go:292.66,293.12 1 1
github.com/SimoKiihamaki/autodev/internal/tui/run.go:293.12,295.4 1 0
github.com/SimoKiihamaki/autodev/internal/tui/run.go:296.3,297.35 2 1
github.com/SimoKiihamaki/autodev/internal/tui/run.go:299.2,299.68 1 1
github.com/SimoKiihamaki/autodev/internal/tui/run.go:299.68,300.12 1 1
github.com/SimoKiihamaki/autodev/internal/tui/run.go:300.12,302.4 1 0
github.com/SimoKiihamaki/autodev/internal/tui/run.go:303.3,304.41 2 1
github.com/SimoKiihamaki/autodev/internal/tui/run.go:306.2,306.70 1 1
github.com/SimoKiihamaki/autodev/internal/tui/run.go:306.70,307.12 1 1
github.com/SimoKiihamaki/autodev/internal/tui/run.go:307.12,309.4 1 0
github.com/SimoKiihamaki/autodev/internal/tui/run.go:310.3,311.42 2 1
github.com/SimoKiihamaki/autodev/internal/tui/run.go:315.2,315.81 1 1
github.com/SimoKiihamaki/autodev/internal/tui/run.go:315.81,318.3 2 1
github.com/SimoKiihamaki/autodev/internal/tui/run.go:319.2,319.86 1 1
github.com/SimoKiihamaki/autodev/internal/tui/run.go:319.86,320.12 1 1
github.com/SimoKiihamaki/autodev/internal/tui/run.go:320.12,322.4 1 0
github.com/SimoKiihamaki/autodev/internal/tui/run.go:323.3,324.42 2 1
github.com/SimoKiihamaki/autodev/internal/tui/run.go:326.2,326.79 1 1
github.com/SimoKiihamaki/autodev/internal/tui/run.go:326.79,327.12 1 1
github.com/SimoKiihamaki/autodev/internal/tui/run.go:327.12,329.4 1 0
github.com/SimoKiihamaki/autodev/internal/tui/run.go:330.3,331.42 2 1
github.com/SimoKiihamaki/autodev/internal/tui/run.go:333.2,333.88 1 1
github.com/SimoKiihamaki/autodev/internal/tui/run.go:333.88,334.12 1 1
github.com/SimoKiihamaki/autodev/internal/tui/run.go:334.12,336.4 1 0
github.com/SimoKiihamaki/autodev/internal/tui/run.go:337.3,338.41 2 1
github.com/SimoKiihamaki/autodev/internal/tui/run.go:342.2,342.55 1 1
github.com/SimoKiihamaki/autodev/internal/tui/run.go:342.55,344.17 2 1
github.com/SimoKiihamaki/autodev/internal/tui/run.go:344.17,347.4 2 0
github.com/SimoKiihamaki/autodev/internal/tui/run.go:348.3,348.13 1 1
github.com/SimoKiihamaki/autodev/internal/tui/run.go:350.2,350.66 1 1
github.com/SimoKiihamaki/autodev/internal/tui/run.go:350.66,350.91 1 1
github.com/SimoKiihamaki/autodev/internal/tui/run.go:351.2,351.72 1 1
github.com/SimoKiihamaki/autodev/internal/tui/run.go:351.72,351.102 1 1
github.com/SimoKiihamaki/autodev/internal/tui/run.go:352.2,352.78 1 1
github.com/SimoKiihamaki/autodev/internal/tui/run.go:352.78,352.111 1 1
github.com/SimoKiihamaki/autodev/internal/tui/run.go:353.2,353.75 1 1
github.com/SimoKiihamaki/autodev/internal/tui/run.go:353.75,353.107 1 1
github.com/SimoKiihamaki/autodev/internal/tui/run.go:356.2,376.27 18 1
github.com/SimoKiihamaki/autodev/internal/tui/run.go:379.54,380.39 1 1
github.com/SimoKiihamaki/autodev/internal/tui/run.go:380.39,382.3 1 1
github.com/SimoKiihamaki/autodev/internal/tui/run.go:383.2,383.21 1 0
github.com/SimoKiihamaki/autodev/internal/tui/run.go:383.21,385.3 1 0
github.com/SimoKiihamaki/autodev/internal/tui/run.go:386.2,388.32 3 0
github.com/SimoKiihamaki/autodev/internal/tui/run.go:393.50,394.15 1 0
github.com/SimoKiihamaki/autodev/internal/tui/run.go:395.15,398.21 3 0
github.com/SimoKiihamaki/autodev/internal/tui/run.go:399.12,402.21 3 0
github.com/SimoKiihamaki/autodev/internal/tui/run.go:403.16,406.21 3 0
github.com/SimoKiihamaki/autodev/internal/tui/run.go:408.2,411.22 4 0
github.com/SimoKiihamaki/autodev/internal/tui/run.go:414.38,415.24 1 0
github.com/SimoKiihamaki/autodev/internal/tui/run.go:415.24,421.17 6 0
github.com/SimoKiihamaki/autodev/internal/tui/run.go:421.17,424.4 2 0
github.com/SimoKiihamaki/autodev/internal/tui/run.go:424.9,426.27 1 0
github.com/SimoKiihamaki/autodev/internal/tui/run.go:426.27,427.50 1 0
github.com/SimoKiihamaki/autodev/internal/tui/run.go:427.50,429.6 1 0
github.com/SimoKiihamaki/autodev/internal/tui/run.go:432.4,432.31 1 0
github.com/SimoKiihamaki/autodev/internal/tui/run.go:432.31,434.5 1 0
github.com/SimoKiihamaki/autodev/internal/tui/run.go:434.10,436.5 1 0
github.com/SimoKiihamaki/autodev/internal/tui/run.go:437.4,437.47 1 0
github.com/SimoKiihamaki/autodev/internal/tui/run.go:437.47,439.5 1 0
github.com/SimoKiihamaki/autodev/internal/tui/run.go:440.4,440.27 1 0
github.com/SimoKiihamaki/autodev/internal/tui/run.go:440.27,442.5 1 0
github.com/SimoKiihamaki/autodev/internal/tui/run.go:443.4,444.17 2 0
github.com/SimoKiihamaki/autodev/internal/tui/run.go:446.3,446.35 1 0
github.com/SimoKiihamaki/autodev/internal/tui/run_feed.go:35.37,46.2 10 1
github.com/SimoKiihamaki/autodev/internal/tui/run_feed.go:48.46,50.18 2 1
github.com/SimoKiihamaki/autodev/internal/tui/run_feed.go:50.18,52.3 1 0
github.com/SimoKiihamaki/autodev/internal/tui/run_feed.go:53.2,53.28 1 1
github.com/SimoKiihamaki/autodev/internal/tui/run_feed.go:53.28,54.25 1 1
github.com/SimoKiihamaki/autodev/internal/tui/run_feed.go:54.25,56.4 1 0
github.com/SimoKiihamaki/autodev/internal/tui/run_feed.go:57.3,57.24 1 1
github.com/SimoKiihamaki/autodev/internal/tui/run_feed.go:59.2,59.22 1 1
github.com/SimoKiihamaki/autodev/internal/tui/run_feed.go:59.22,61.3 1 1
github.com/SimoKiihamaki/autodev/internal/tui/run_feed.go:64.64,66.36 2 1
github.com/SimoKiihamaki/autodev/internal/tui/run_feed.go:66.36,69.3 2 1
github.com/SimoKiihamaki/autodev/internal/tui/run_feed.go:70.2,73.18 3 1
github.com/SimoKiihamaki/autodev/internal/tui/run_feed.go:73.18,75.3 1 1
github.com/SimoKiihamaki/autodev/internal/tui/run_feed.go:77.2,79.30 2 1
github.com/SimoKiihamaki/autodev/internal/tui/run_feed.go:82.51,84.2 1 0
github.com/SimoKiihamaki/autodev/internal/tui/run_feed.go:86.66,96.9 5 1
github.com/SimoKiihamaki/autodev/internal/tui/run_feed.go:98.16,100.24 2 1
github.com/SimoKiihamaki/autodev/internal/tui/run_feed.go:103.42,104.23 1 1
github.com/SimoKiihamaki/autodev/internal/tui/run_feed.go:105.39,106.26 1 1
github.com/SimoKiihamaki/autodev/internal/tui/run_feed.go:107.39,108.25 1 1
github.com/SimoKiihamaki/autodev/internal/tui/run_feed.go:111.42,112.24 1 0
github.com/SimoKiihamaki/autodev/internal/tui/run_feed.go:115.45,116.28 1 0
github.com/SimoKiihamaki/autodev/internal/tui/run_feed.go:119.44,120.24 1 0
github.com/SimoKiihamaki/autodev/internal/tui/run_feed.go:121.44,122.24 1 0
github.com/SimoKiihamaki/autodev/internal/tui/run_feed.go:123.38,124.24 1 0
github.com/SimoKiihamaki/autodev/internal/tui/run_feed.go:127.42,128.23 1 0
github.com/SimoKiihamaki/autodev/internal/tui/run_feed.go:129.39,130.23 1 0
github.com/SimoKiihamaki/autodev/internal/tui/run_feed.go:133.51,134.25 1 1
github.com/SimoKiihamaki/autodev/internal/tui/run_feed.go:135.46,136.25 1 1
github.com/SimoKiihamaki/autodev/internal/tui/run_feed.go:139.42,140.26 1 0
github.com/SimoKiihamaki/autodev/internal/tui/run_feed.go:141.41,142.26 1 0
github.com/SimoKiihamaki/autodev/internal/tui/run_feed.go:143.44,144.26 1 0
github.com/SimoKiihamaki/autodev/internal/tui/run_feed.go:146.2,146.41 1 1
github.com/SimoKiihamaki/autodev/internal/tui/run_feed.go:149.51,151.16 2 1
github.com/SimoKiihamaki/autodev/internal/tui/run_feed.go:151.16,153.3 1 0
github.com/SimoKiihamaki/autodev/internal/tui/run_feed.go:154.2,155.16 2 1
github.com/SimoKiihamaki/autodev/internal/tui/run_feed.go:155.16,157.3 1 0
github.com/SimoKiihamaki/autodev/internal/tui/run_feed.go:159.2,159.35 1 1
github.com/SimoKiihamaki/autodev/internal/tui/run_feed.go:159.35,161.3 1 1
github.com/SimoKiihamaki/autodev/internal/tui/run_feed.go:162.2,162.33 1 1
github.com/SimoKiihamaki/autodev/internal/tui/run_feed.go:162.33,164.3 1 0
github.com/SimoKiihamaki/autodev/internal/tui/run_feed.go:165.2,165.36 1 1
github.com/SimoKiihamaki/autodev/internal/tui/run_feed.go:165.36,167.3 1 1
github.com/SimoKiihamaki/autodev/internal/tui/run_feed.go:168.2,168.29 1 1
github.com/SimoKiihamaki/autodev/internal/tui/run_feed.go:171.57,173.18 2 1
github.com/SimoKiihamaki/autodev/internal/tui/run_feed.go:173.18,175.3 1 1
github.com/SimoKiihamaki/autodev/internal/tui/run_feed.go:176.2,176.52 1 1
github.com/SimoKiihamaki/autodev/internal/tui/run_feed.go:176.52,178.3 1 1
github.com/SimoKiihamaki/autodev/internal/tui/run_feed.go:178.8,181.3 2 1
github.com/SimoKiihamaki/autodev/internal/tui/run_feed.go:182.2,182.20 1 1
github.com/SimoKiihamaki/autodev/internal/tui/run_feed.go:182.20,183.55 1 1
github.com/SimoKiihamaki/autodev/internal/tui/run_feed.go:183.55,185.4 1 1
github.com/SimoKiihamaki/autodev/internal/tui/run_feed.go:185.9,192.4 2 1
github.com/SimoKiihamaki/autodev/internal/tui/run_feed.go:193.8,196.3 1 1
github.com/SimoKiihamaki/autodev/internal/tui/run_feed.go:197.2,200.26 4 1
github.com/SimoKiihamaki/autodev/internal/tui/run_feed.go:200.26,201.10 1 1
github.com/SimoKiihamaki/autodev/internal/tui/run_feed.go:202.27,203.81 1 1
github.com/SimoKiihamaki/autodev/internal/tui/run_feed.go:204.43,205.64 1 1
github.com/SimoKiihamaki/autodev/internal/tui/run_feed.go:206.11,207.62 1 1
github.com/SimoKiihamaki/autodev/internal/tui/run_feed.go:210.2,211.17 2 1
github.com/SimoKiihamaki/autodev/internal/tui/run_feed.go:211.17,213.3 1 1
github.com/SimoKiihamaki/autodev/internal/tui/run_feed.go:213.8,215.3 1 1
github.com/SimoKiihamaki/autodev/internal/tui/run_feed.go:216.2,216.13 1 1
github.com/SimoKiihamaki/autodev/internal/tui/run_feed.go:219.55,221.18 2 1
github.com/SimoKiihamaki/autodev/internal/tui/run_feed.go:221.18,223.3 1 1
github.com/SimoKiihamaki/autodev/internal/tui/run_feed.go:224.2,225.19 2 0
github.com/SimoKiihamaki/autodev/internal/tui/run_feed.go:225.19,228.3 2 0
github.com/SimoKiihamaki/autodev/internal/tui/run_feed.go:229.2,229.13 1 0
github.com/SimoKiihamaki/autodev/internal/tui/run_feed.go:232.58,233.9 1 1
github.com/SimoKiihamaki/autodev/internal/tui/run_feed.go:234.38,236.19 2 1
github.com/SimoKiihamaki/autodev/internal/tui/run_feed.go:236.19,238.4 1 1
github.com/SimoKiihamaki/autodev/internal/tui/run_feed.go:239.3,239.14 1 1
github.com/SimoKiihamaki/autodev/internal/tui/run_feed.go:240.38,242.17 2 0
github.com/SimoKiihamaki/autodev/internal/tui/run_feed.go:242.17,244.4 1 0
github.com/SimoKiihamaki/autodev/internal/tui/run_feed.go:245.3,247.14 3 0
github.com/SimoKiihamaki/autodev/internal/tui/run_feed.go:248.41,250.14 2 0
github.com/SimoKiihamaki/autodev/internal/tui/run_feed.go:252.2,252.14 1 1
github.com/SimoKiihamaki/autodev/internal/tui/run_feed.go:255.50,257.9 2 1
github.com/SimoKiihamaki/autodev/internal/tui/run_feed.go:258.39,259.24 1 0
github.com/SimoKiihamaki/autodev/internal/tui/run_feed.go:260.44,261.24 1 0
github.com/SimoKiihamaki/autodev/internal/tui/run_feed.go:262.45,263.24 1 0
github.com/SimoKiihamaki/autodev/internal/tui/run_feed.go:264.77,265.24 1 0
github.com/SimoKiihamaki/autodev/internal/tui/run_feed.go:266.46,267.24 1 0
github.com/SimoKiihamaki/autodev/internal/tui/run_feed.go:268.51,269.24 1 0
github.com/SimoKiihamaki/autodev/internal/tui/run_feed.go:270.52,271.24 1 0
github.com/SimoKiihamaki/autodev/internal/tui/run_feed.go:276.43,281.2 1 1
github.com/SimoKiihamaki/autodev/internal/tui/run_feed.go:284.27,286.2 1 1
github.com/SimoKiihamaki/autodev/internal/tui/run_feed.go:289.42,291.2 1 1
github.com/SimoKiihamaki/autodev/internal/tui/run_feed.go:293.50,295.15 2 1
github.com/SimoKiihamaki/autodev/internal/tui/run_feed.go:295.15,297.3 1 1
github.com/SimoKiihamaki/autodev/internal/tui/run_feed.go:299.2,302.62 2 1
github.com/SimoKiihamaki/autodev/internal/tui/run_feed.go:302.62,305.33 1 1
github.com/SimoKiihamaki/autodev/internal/tui/run_feed.go:305.33,307.4 1 1
github.com/SimoKiihamaki/autodev/internal/tui/run_feed.go:310.3,310.44 1 1
github.com/SimoKiihamaki/autodev/internal/tui/run_feed.go:310.44,312.4 1 1
github.com/SimoKiihamaki/autodev/internal/tui/run_feed.go:315.2,315.13 1 0
github.com/SimoKiihamaki/autodev/internal/tui/tabs.go:30.34,32.39 2 1
github.com/SimoKiihamaki/autodev/internal/tui/tabs.go:32.39,34.3 1 1
github.com/SimoKiihamaki/autodev/internal/tui/tabs.go:35.2,35.14 1 1
github.com/SimoKiihamaki/autodev/internal/tui/tabs.go:38.31,40.39 2 1
github.com/SimoKiihamaki/autodev/internal/tui/tabs.go:40.39,42.3 1 1
github.com/SimoKiihamaki/autodev/internal/tui/tabs.go:43.2,43.12 1 1
github.com/SimoKiihamaki/autodev/internal/tui/tabs.go:46.33,47.39 1 1
github.com/SimoKiihamaki/autodev/internal/tui/tabs.go:47.39,48.20 1 1
github.com/SimoKiihamaki/autodev/internal/tui/tabs.go:48.20,50.4 1 1
github.com/SimoKiihamaki/autodev/internal/tui/tabs.go:52.2,52.11 1 0
github.com/SimoKiihamaki/autodev/internal/tui/update.go:15.57,16.29 1 1
github.com/SimoKiihamaki/autodev/internal/tui/update.go:17.25,18.36 1 0
github.com/SimoKiihamaki/autodev/internal/tui/update.go:20.23,21.47 1 1
github.com/SimoKiihamaki/autodev/internal/tui/update.go:21.47,23.4 1 1
github.com/SimoKiihamaki/autodev/internal/tui/update.go:24.3,24.16 1 1
github.com/SimoKiihamaki/autodev/internal/tui/update.go:26.18,27.31 1 0
github.com/SimoKiihamaki/autodev/internal/tui/update.go:29.18,33.34 3 1
github.com/SimoKiihamaki/autodev/internal/tui/update.go:35.21,36.54 1 1
github.com/SimoKiihamaki/autodev/internal/tui/update.go:36.54,38.4 1 1
github.com/SimoKiihamaki/autodev/internal/tui/update.go:39.3,39.16 1 1
github.com/SimoKiihamaki/autodev/internal/tui/update.go:41.17,42.23 1 1
github.com/SimoKiihamaki/autodev/internal/tui/update.go:42.23,44.4 1 1
github.com/SimoKiihamaki/autodev/internal/tui/update.go:46.3,46.22 1 1
github.com/SimoKiihamaki/autodev/internal/tui/update.go:46.22,47.28 1 1
github.com/SimoKiihamaki/autodev/internal/tui/update.go:47.28,53.5 4 1
github.com/SimoKiihamaki/autodev/internal/tui/update.go:55.4,55.25 1 1
github.com/SimoKiihamaki/autodev/internal/tui/update.go:57.3,57.16 1 1
github.com/SimoKiihamaki/autodev/internal/tui/update.go:59.19,70.16 10 1
github.com/SimoKiihamaki/autodev/internal/tui/update.go:72.20,73.34 1 1
github.com/SimoKiihamaki/autodev/internal/tui/update.go:75.19,77.23 2 1
github.com/SimoKiihamaki/autodev/internal/tui/update.go:79.17,90.23 11 1
github.com/SimoKiihamaki/autodev/internal/tui/update.go:90.23,91.70 1 1
github.com/SimoKiihamaki/autodev/internal/tui/update.go:91.70,93.5 1 1
github.com/SimoKiihamaki/autodev/internal/tui/update.go:95.3,95.29 1 1
github.com/SimoKiihamaki/autodev/internal/tui/update.go:97.24,101.16 4 1
github.com/SimoKiihamaki/autodev/internal/tui/update.go:104.2,104.15 1 0
github.com/SimoKiihamaki/autodev/internal/tui/update.go:107.58,109.11 2 0
github.com/SimoKiihamaki/autodev/internal/tui/update.go:109.11,111.3 1 0
github.com/SimoKiihamaki/autodev/internal/tui/update.go:112.2,112.11 1 0
github.com/SimoKiihamaki/autodev/internal/tui/update.go:112.11,114.3 1 0
github.com/SimoKiihamaki/autodev/internal/tui/update.go:115.2,119.14 3 0
github.com/SimoKiihamaki/autodev/internal/tui/update.go:119.14,121.3 1 0
github.com/SimoKiihamaki/autodev/internal/tui/update.go:123.2,124.21 2 0
github.com/SimoKiihamaki/autodev/internal/tui/update.go:124.21,126.3 1 0
github.com/SimoKiihamaki/autodev/internal/tui/update.go:127.2,129.16 3 0
github.com/SimoKiihamaki/autodev/internal/tui/update.go:129.16,131.3 1 0
github.com/SimoKiihamaki/autodev/internal/tui/update.go:132.2,132.19 1 0
github.com/SimoKiihamaki/autodev/internal/tui/update.go:132.19,134.3 1 0
github.com/SimoKiihamaki/autodev/internal/tui/update.go:135.2,140.14 5 0
github.com/SimoKiihamaki/autodev/internal/tui/update.go:140.14,142.3 1 0
github.com/SimoKiihamaki/autodev/internal/tui/update.go:143.2,143.14 1 0
github.com/SimoKiihamaki/autodev/internal/tui/update.go:143.14,145.3 1 0
github.com/SimoKiihamaki/autodev/internal/tui/update.go:146.2,148.15 3 0
github.com/SimoKiihamaki/autodev/internal/tui/update.go:148.15,150.3 1 0
github.com/SimoKiihamaki/autodev/internal/tui/update.go:151.2,151.15 1 0
github.com/SimoKiihamaki/autodev/internal/tui/update.go:151.15,153.3 1 0
github.com/SimoKiihamaki/autodev/internal/tui/update.go:154.2,156.17 3 0
github.com/SimoKiihamaki/autodev/internal/tui/update.go:156.17,158.3 1 0
github.com/SimoKiihamaki/autodev/internal/tui/update.go:159.2,160.10 2 0
github.com/SimoKiihamaki/autodev/internal/tui/update.go:163.70,165.24 1 1
github.com/SimoKiihamaki/autodev/internal/tui/update.go:165.24,168.63 2 1
github.com/SimoKiihamaki/autodev/internal/tui/update.go:168.63,170.4 1 1
github.com/SimoKiihamaki/autodev/internal/tui/update.go:173.3,173.34 1 1
github.com/SimoKiihamaki/autodev/internal/tui/update.go:173.34,177.32 3 1
github.com/SimoKiihamaki/autodev/internal/tui/update.go:177.32,184.5 3 1
github.com/SimoKiihamaki/autodev/internal/tui/update.go:185.4,185.39 1 1
github.com/SimoKiihamaki/autodev/internal/tui/update.go:189.3,189.50 1 1
github.com/SimoKiihamaki/autodev/internal/tui/update.go:193.2,193.16 1 1
github.com/SimoKiihamaki/autodev/internal/tui/update.go:193.16,196.3 2 1
github.com/SimoKiihamaki/autodev/internal/tui/update.go:199.2,199.20 1 1
github.com/SimoKiihamaki/autodev/internal/tui/update.go:199.20,201.3 1 1
github.com/SimoKiihamaki/autodev/internal/tui/update.go:203.2,203.15 1 1
github.com/SimoKiihamaki/autodev/internal/tui/update.go:206.68,208.21 2 1
github.com/SimoKiihamaki/autodev/internal/tui/update.go:208.21,210.3 1 1
github.com/SimoKiihamaki/autodev/internal/tui/update.go:211.2,217.9 6 1
github.com/SimoKiihamaki/autodev/internal/tui/update.go:218.22,220.42 2 1
github.com/SimoKiihamaki/autodev/internal/tui/update.go:221.44,228.24 6 1
github.com/SimoKiihamaki/autodev/internal/tui/update.go:229.10,233.23 4 1
github.com/SimoKiihamaki/autodev/internal/tui/update.go:236.2,236.20 1 1
github.com/SimoKiihamaki/autodev/internal/tui/update.go:236.20,238.3 1 1
github.com/SimoKiihamaki/autodev/internal/tui/update.go:244.2,246.16 3 1
github.com/SimoKiihamaki/autodev/internal/tui/update.go:246.16,247.20 1 0
github.com/SimoKiihamaki/autodev/internal/tui/update.go:248.20,249.26 1 0
github.com/SimoKiihamaki/autodev/internal/tui/update.go:250.19,251.26 1 0
github.com/SimoKiihamaki/autodev/internal/tui/update.go:252.17,253.24 1 0
github.com/SimoKiihamaki/autodev/internal/tui/update.go:254.11,255.26 1 0
github.com/SimoKiihamaki/autodev/internal/tui/update.go:258.2,259.16 2 1
github.com/SimoKiihamaki/autodev/internal/tui/update_keys.go:10.39,11.19 1 1
github.com/SimoKiihamaki/autodev/internal/tui/update_keys.go:12.9,13.13 1 1
github.com/SimoKiihamaki/autodev/internal/tui/update_keys.go:14.9,15.17 1 1
github.com/SimoKiihamaki/autodev/internal/tui/update_keys.go:16.10,17.28 1 0
github.com/SimoKiihamaki/autodev/internal/tui/update_keys.go:22.62,26.28 2 1
github.com/SimoKiihamaki/autodev/internal/tui/update_keys.go:26.28,27.64 1 0
github.com/SimoKiihamaki/autodev/internal/tui/update_keys.go:27.64,29.4 1 0
github.com/SimoKiihamaki/autodev/internal/tui/update_keys.go:30.3,30.20 1 0
github.com/SimoKiihamaki/autodev/internal/tui/update_keys.go:34.2,37.79 3 1
github.com/SimoKiihamaki/autodev/internal/tui/update_keys.go:37.79,40.3 2 1
github.com/SimoKiihamaki/autodev/internal/tui/update_keys.go:42.2,46.36 3 1
github.com/SimoKiihamaki/autodev/internal/tui/update_keys.go:46.36,47.58 1 1
github.com/SimoKiihamaki/autodev/internal/tui/update_keys.go:47.58,48.12 1 0
github.com/SimoKiihamaki/autodev/internal/tui/update_keys.go:50.3,50.65 1 1
github.com/SimoKiihamaki/autodev/internal/tui/update_keys.go:50.65,53.4 2 1
github.com/SimoKiihamaki/autodev/internal/tui/update_keys.go:56.2,56.19 1 0
github.com/SimoKiihamaki/autodev/internal/tui/update_keys.go:60.98,61.15 1 1
github.com/SimoKiihamaki/autodev/internal/tui/update_keys.go:62.16,63.45 1 1
github.com/SimoKiihamaki/autodev/internal/tui/update_keys.go:64.16,65.45 1 1
github.com/SimoKiihamaki/autodev/internal/tui/update_keys.go:66.21,67.50 1 1
github.com/SimoKiihamaki/autodev/internal/tui/update_keys.go:68.16,69.45 1 0
github.com/SimoKiihamaki/autodev/internal/tui/update_keys.go:70.19,71.48 1 1
github.com/SimoKiihamaki/autodev/internal/tui/update_keys.go:72.17,73.46 1 0
github.com/SimoKiihamaki/autodev/internal/tui/update_keys.go:74.21,75.50 1 0
github.com/SimoKiihamaki/autodev/internal/tui/update_keys.go:76.10,77.20 1 0
github.com/SimoKiihamaki/autodev/internal/tui/update_keys.go:82.80,85.13 2 1
github.com/SimoKiihamaki/autodev/internal/tui/update_keys.go:86.20,87.35 1 0
github.com/SimoKiihamaki/autodev/internal/tui/update_keys.go:87.35,92.4 4 0
github.com/SimoKiihamaki/autodev/internal/tui/update_keys.go:93.3,93.14 1 0
github.com/SimoKiihamaki/autodev/internal/tui/update_keys.go:93.14,96.4 2 0
github.com/SimoKiihamaki/autodev/internal/tui/update_keys.go:97.3,98.24 2 0
github.com/SimoKiihamaki/autodev/internal/tui/update_keys.go:99.15,100.16 1 1
github.com/SimoKiihamaki/autodev/internal/tui/update_keys.go:100.16,102.4 1 0
github.com/SimoKiihamaki/autodev/internal/tui/update_keys.go:103.3,103.14 1 1
github.com/SimoKiihamaki/autodev/internal/tui/update_keys.go:103.14,106.4 2 0
github.com/SimoKiihamaki/autodev/internal/tui/update_keys.go:107.3,108.24 2 1
github.com/SimoKiihamaki/autodev/internal/tui/update_keys.go:109.15,111.17 2 1
github.com/SimoKiihamaki/autodev/internal/tui/update_keys.go:111.17,113.4 1 1
github.com/SimoKiihamaki/autodev/internal/tui/update_keys.go:114.3,114.19 1 1
github.com/SimoKiihamaki/autodev/internal/tui/update_keys.go:115.15,116.38 1 0
github.com/SimoKiihamaki/autodev/internal/tui/update_keys.go:117.24,118.35 1 1
github.com/SimoKiihamaki/autodev/internal/tui/update_keys.go:119.110,120.73 1 1
github.com/SimoKiihamaki/autodev/internal/tui/update_keys.go:120.73,123.61 2 1
github.com/SimoKiihamaki/autodev/internal/tui/update_keys.go:123.61,125.5 1 0
github.com/SimoKiihamaki/autodev/internal/tui/update_keys.go:126.4,126.20 1 1
github.com/SimoKiihamaki/autodev/internal/tui/update_keys.go:129.2,129.19 1 0
github.com/SimoKiihamaki/autodev/internal/tui/update_keys.go:133.72,134.18 1 0
github.com/SimoKiihamaki/autodev/internal/tui/update_keys.go:135.19,137.19 2 0
github.com/SimoKiihamaki/autodev/internal/tui/update_keys.go:138.20,140.19 2 0
github.com/SimoKiihamaki/autodev/internal/tui/update_keys.go:141.18,143.19 2 0
github.com/SimoKiihamaki/autodev/internal/tui/update_keys.go:144.23,146.19 2 0
github.com/SimoKiihamaki/autodev/internal/tui/update_keys.go:147.32,149.19 2 0
github.com/SimoKiihamaki/autodev/internal/tui/update_keys.go:150.20,151.34 1 0
github.com/SimoKiihamaki/autodev/internal/tui/update_keys.go:154.2,154.39 1 0
github.com/SimoKiihamaki/autodev/internal/tui/update_keys.go:155.11,157.34 2 0
github.com/SimoKiihamaki/autodev/internal/tui/update_keys.go:158.11,160.34 2 0
github.com/SimoKiihamaki/autodev/internal/tui/update_keys.go:161.11,163.19 2 0
github.com/SimoKiihamaki/autodev/internal/tui/update_keys.go:166.2,166.19 1 0
github.com/SimoKiihamaki/autodev/internal/tui/update_keys.go:170.56,171.26 1 0
github.com/SimoKiihamaki/autodev/internal/tui/update_keys.go:171.26,173.3 1 0
github.com/SimoKiihamaki/autodev/internal/tui/update_keys.go:175.2,175.28 1 0
github.com/SimoKiihamaki/autodev/internal/tui/update_keys.go:176.9,179.30 2 0
github.com/SimoKiihamaki/autodev/internal/tui/update_keys.go:180.9,183.24 3 0
github.com/SimoKiihamaki/autodev/internal/tui/update_keys.go:184.10,187.19 3 0
github.com/SimoKiihamaki/autodev/internal/tui/update_keys.go:194.49,195.39 1 1
github.com/SimoKiihamaki/autodev/internal/tui/update_keys.go:195.39,196.23 1 1
github.com/SimoKiihamaki/autodev/internal/tui/update_keys.go:196.23,198.4 1 1
github.com/SimoKiihamaki/autodev/internal/tui/update_keys.go:201.2,201.17 1 0
github.com/SimoKiihamaki/autodev/internal/tui/update_keys.go:205.37,207.2 1 1
github.com/SimoKiihamaki/autodev/internal/tui/update_keys.go:210.38,211.53 1 1
github.com/SimoKiihamaki/autodev/internal/tui/update_keys.go:211.53,213.3 1 0
github.com/SimoKiihamaki/autodev/internal/tui/update_keys.go:214.2,215.29 2 1
github.com/SimoKiihamaki/autodev/internal/tui/view.go:30.45,32.12 2 1
github.com/SimoKiihamaki/autodev/internal/tui/view.go:32.12,34.3 1 1
github.com/SimoKiihamaki/autodev/internal/tui/view.go:35.2,35.14 1 1
github.com/SimoKiihamaki/autodev/internal/tui/view.go:39.63,41.30 2 1
github.com/SimoKiihamaki/autodev/internal/tui/view.go:41.30,43.3 1 0
github.com/SimoKiihamaki/autodev/internal/tui/view.go:45.2,46.30 2 1
github.com/SimoKiihamaki/autodev/internal/tui/view.go:46.30,48.21 2 1
github.com/SimoKiihamaki/autodev/internal/tui/view.go:48.21,49.12 1 1
github.com/SimoKiihamaki/autodev/internal/tui/view.go:51.3,52.69 2 0
github.com/SimoKiihamaki/autodev/internal/tui/view.go:55.2,55.21 1 1
github.com/SimoKiihamaki/autodev/internal/tui/view.go:55.21,57.3 1 1
github.com/SimoKiihamaki/autodev/internal/tui/view.go:59.2,59.54 1 0
github.com/SimoKiihamaki/autodev/internal/tui/view.go:63.52,64.39 1 0
github.com/SimoKiihamaki/autodev/internal/tui/view.go:64.39,65.50 1 0
github.com/SimoKiihamaki/autodev/internal/tui/view.go:65.50,67.33 2 0
github.com/SimoKiihamaki/autodev/internal/tui/view.go:67.33,69.5 1 0
github.com/SimoKiihamaki/autodev/internal/tui/view.go:70.4,70.36 1 0
github.com/SimoKiihamaki/autodev/internal/tui/view.go:73.2,73.33 1 0
github.com/SimoKiihamaki/autodev/internal/tui/view.go:77.67,79.24 2 1
github.com/SimoKiihamaki/autodev/internal/tui/view.go:79.24,80.50 1 1
github.com/SimoKiihamaki/autodev/internal/tui/view.go:80.50,82.4 1 1
github.com/SimoKiihamaki/autodev/internal/tui/view.go:84.2,84.22 1 1
github.com/SimoKiihamaki/autodev/internal/tui/view.go:84.22,86.3 1 1
github.com/SimoKiihamaki/autodev/internal/tui/view.go:87.2,87.22 1 1
github.com/SimoKiihamaki/autodev/internal/tui/view.go:87.22,89.3 1 1
github.com/SimoKiihamaki/autodev/internal/tui/view.go:90.2,91.31 2 1
github.com/SimoKiihamaki/autodev/internal/tui/view.go:91.31,93.3 1 1
github.com/SimoKiihamaki/autodev/internal/tui/view.go:94.2,94.34 1 1
github.com/SimoKiihamaki/autodev/internal/tui/view.go:98.54,99.12 1 1
github.com/SimoKiihamaki/autodev/internal/tui/view.go:99.12,101.3 1 1
github.com/SimoKiihamaki/autodev/internal/tui/view.go:102.2,102.80 1 0
github.com/SimoKiihamaki/autodev/internal/tui/view.go:102.80,104.3 1 0
github.com/SimoKiihamaki/autodev/internal/tui/view.go:105.2,105.28 1 0
github.com/SimoKiihamaki/autodev/internal/tui/view.go:109.30,114.13 3 0
github.com/SimoKiihamaki/autodev/internal/tui/view.go:114.13,116.3 1 0
github.com/SimoKiihamaki/autodev/internal/tui/view.go:117.2,120.31 2 0
github.com/SimoKiihamaki/autodev/internal/tui/view.go:120.31,123.22 3 0
github.com/SimoKiihamaki/autodev/internal/tui/view.go:123.22,125.12 2 0
github.com/SimoKiihamaki/autodev/internal/tui/view.go:127.3,127.43 1 0
github.com/SimoKiihamaki/autodev/internal/tui/view.go:129.2,132.26 2 0
github.com/SimoKiihamaki/autodev/internal/tui/view.go:133.16,134.23 1 0
github.com/SimoKiihamaki/autodev/internal/tui/view.go:135.16,136.23 1 0
github.com/SimoKiihamaki/autodev/internal/tui/view.go:137.21,138.28 1 0
github.com/SimoKiihamaki/autodev/internal/tui/view.go:139.16,140.23 1 0
github.com/SimoKiihamaki/autodev/internal/tui/view.go:141.19,142.26 1 0
github.com/SimoKiihamaki/autodev/internal/tui/view.go:143.17,144.24 1 0
github.com/SimoKiihamaki/autodev/internal/tui/view.go:145.21,146.28 1 0
github.com/SimoKiihamaki/autodev/internal/tui/view.go:147.17,148.24 1 0
github.com/SimoKiihamaki/autodev/internal/tui/view.go:152.2,152.25 1 0
github.com/SimoKiihamaki/autodev/internal/tui/view.go:152.25,154.3 1 0
github.com/SimoKiihamaki/autodev/internal/tui/view.go:157.2,162.19 3 0
github.com/SimoKiihamaki/autodev/internal/tui/view.go:166.58,170.34 4 0
github.com/SimoKiihamaki/autodev/internal/tui/view.go:170.34,172.30 2 0
github.com/SimoKiihamaki/autodev/internal/tui/view.go:172.30,174.4 1 0
github.com/SimoKiihamaki/autodev/internal/tui/view.go:174.9,176.4 1 0
github.com/SimoKiihamaki/autodev/internal/tui/view.go:178.2,179.91 2 0
github.com/SimoKiihamaki/autodev/internal/tui/view.go:183.51,194.25 4 0
github.com/SimoKiihamaki/autodev/internal/tui/view.go:194.25,196.24 2 0
github.com/SimoKiihamaki/autodev/internal/tui/view.go:196.24,198.4 1 0
github.com/SimoKiihamaki/autodev/internal/tui/view.go:199.3,202.5 1 0
github.com/SimoKiihamaki/autodev/internal/tui/view.go:206.2,206.35 1 0
github.com/SimoKiihamaki/autodev/internal/tui/view.go:206.35,208.27 2 0
github.com/SimoKiihamaki/autodev/internal/tui/view.go:208.27,209.26 1 0
github.com/SimoKiihamaki/autodev/internal/tui/view.go:209.26,211.5 1 0
github.com/SimoKiihamaki/autodev/internal/tui/view.go:211.10,213.5 1 0
github.com/SimoKiihamaki/autodev/internal/tui/view.go:215.3,218.5 1 0
github.com/SimoKiihamaki/autodev/internal/tui/view.go:222.2,223.19 2 0
github.com/SimoKiihamaki/autodev/internal/tui/view.go:223.19,228.3 1 0
github.com/SimoKiihamaki/autodev/internal/tui/view.go:231.2,231.23 1 0
github.com/SimoKiihamaki/autodev/internal/tui/view.go:231.23,232.18 1 0
github.com/SimoKiihamaki/autodev/internal/tui/view.go:232.18,234.4 1 0
github.com/SimoKiihamaki/autodev/internal/tui/view.go:235.3,237.22 3 0
github.com/SimoKiihamaki/autodev/internal/tui/view.go:242.57,243.20 1 0
github.com/SimoKiihamaki/autodev/internal/tui/view.go:243.20,245.3 1 0
github.com/SimoKiihamaki/autodev/internal/tui/view.go:246.2,246.53 1 0
github.com/SimoKiihamaki/autodev/internal/tui/view.go:246.53,248.3 1 0
github.com/SimoKiihamaki/autodev/internal/tui/view.go:249.2,249.13 1 0
github.com/SimoKiihamaki/autodev/internal/tui/view.go:249.13,251.3 1 0
github.com/SimoKiihamaki/autodev/internal/tui/view.go:252.2,252.32 1 0
github.com/SimoKiihamaki/autodev/internal/tui/view.go:256.54,258.9 2 0
github.com/SimoKiihamaki/autodev/internal/tui/view.go:261.36,262.26 1 0
github.com/SimoKiihamaki/autodev/internal/tui/view.go:263.39,264.25 1 0
github.com/SimoKiihamaki/autodev/internal/tui/view.go:268.39,269.28 1 0
github.com/SimoKiihamaki/autodev/internal/tui/view.go:272.38,273.25 1 0
github.com/SimoKiihamaki/autodev/internal/tui/view.go:274.10,275.25 1 0
github.com/SimoKiihamaki/autodev/internal/tui/view_env.go:9.49,15.2 4 1
github.com/SimoKiihamaki/autodev/internal/tui/view_env.go:18.54,27.2 4 1
github.com/SimoKiihamaki/autodev/internal/tui/view_env.go:30.53,42.2 10 1
github.com/SimoKiihamaki/autodev/internal/tui/view_env.go:45.49,46.25 1 1
github.com/SimoKiihamaki/autodev/internal/tui/view_env.go:46.25,49.3 2 1
github.com/SimoKiihamaki/autodev/internal/tui/view_env.go:50.2,50.151 1 1
github.com/SimoKiihamaki/autodev/internal/tui/view_help.go:10.50,13.62 2 0
github.com/SimoKiihamaki/autodev/internal/tui/view_help.go:13.62,14.24 1 0
github.com/SimoKiihamaki/autodev/internal/tui/view_help.go:14.24,16.4 1 0
github.com/SimoKiihamaki/autodev/internal/tui/view_help.go:17.3,18.33 2 0
github.com/SimoKiihamaki/autodev/internal/tui/view_help.go:18.33,20.39 2 0
github.com/SimoKiihamaki/autodev/internal/tui/view_help.go:20.39,22.5 1 0
github.com/SimoKiihamaki/autodev/internal/tui/view_help.go:23.4,23.87 1 0
github.com/SimoKiihamaki/autodev/internal/tui/view_help.go:27.2,29.35 2 0
github.com/SimoKiihamaki/autodev/internal/tui/view_help.go:29.35,31.46 2 0
github.com/SimoKiihamaki/autodev/internal/tui/view_help.go:31.46,32.12 1 0
github.com/SimoKiihamaki/autodev/internal/tui/view_help.go:34.3,34.45 1 0
github.com/SimoKiihamaki/autodev/internal/tui/view_help.go:37.2,37.71 1 0
github.com/SimoKiihamaki/autodev/internal/tui/view_help.go:41.53,42.17 1 0
github.com/SimoKiihamaki/autodev/internal/tui/view_help.go:42.17,44.3 1 0
github.com/SimoKiihamaki/autodev/internal/tui/view_help.go:46.2,47.17 2 0
github.com/SimoKiihamaki/autodev/internal/tui/view_help.go:47.17,49.3 1 0
github.com/SimoKiihamaki/autodev/internal/tui/view_help.go:51.2,51.17 1 0
github.com/SimoKiihamaki/autodev/internal/tui/view_help.go:51.17,53.3 1 0
github.com/SimoKiihamaki/autodev/internal/tui/view_help.go:54.2,54.22 1 0
github.com/SimoKiihamaki/autodev/internal/tui/view_help.go:58.46,62.86 3 1
github.com/SimoKiihamaki/autodev/internal/tui/view_help.go:62.86,64.3 1 1
github.com/SimoKiihamaki/autodev/internal/tui/view_help.go:66.2,66.106 1 1
github.com/SimoKiihamaki/autodev/internal/tui/view_help.go:66.106,68.3 1 1
github.com/SimoKiihamaki/autodev/internal/tui/view_help.go:70.2,70.24 1 1
github.com/SimoKiihamaki/autodev/internal/tui/view_help.go:70.24,72.3 1 0
github.com/SimoKiihamaki/autodev/internal/tui/view_help.go:74.2,75.37 2 1
github.com/SimoKiihamaki/autodev/internal/tui/view_help.go:79.67,80.23 1 1
github.com/SimoKiihamaki/autodev/internal/tui/view_help.go:80.23,82.3 1 1
github.com/SimoKiihamaki/autodev/internal/tui/view_help.go:84.2,85.32 2 1
github.com/SimoKiihamaki/autodev/internal/tui/view_help.go:85.32,87.38 2 1
github.com/SimoKiihamaki/autodev/internal/tui/view_help.go:87.38,89.4 1 1
github.com/SimoKiihamaki/autodev/internal/tui/view_help.go:90.3,96.30 3 1
github.com/SimoKiihamaki/autodev/internal/tui/view_help.go:99.2,103.3 2 1
github.com/SimoKiihamaki/autodev/internal/tui/view_logs.go:8.50,14.2 4 0
github.com/SimoKiihamaki/autodev/internal/tui/view_logs.go:17.53,18.25 1 0
github.com/SimoKiihamaki/autodev/internal/tui/view_logs.go:18.25,20.3 1 0
github.com/SimoKiihamaki/autodev/internal/tui/view_logs.go:20.8,20.30 1 0
github.com/SimoKiihamaki/autodev/internal/tui/view_logs.go:20.30,22.3 1 0
github.com/SimoKiihamaki/autodev/internal/tui/view_prd.go:8.49,16.25 4 1
github.com/SimoKiihamaki/autodev/internal/tui/view_prd.go:16.25,19.3 2 0
github.com/SimoKiihamaki/autodev/internal/tui/view_prd.go:19.8,21.3 1 1
github.com/SimoKiihamaki/autodev/internal/tui/view_prd.go:24.2,30.64 4 1
github.com/SimoKiihamaki/autodev/internal/tui/view_prd.go:34.58,35.25 1 1
github.com/SimoKiihamaki/autodev/internal/tui/view_prd.go:35.25,37.3 1 1
github.com/SimoKiihamaki/autodev/internal/tui/view_prd.go:37.8,39.3 1 1
github.com/SimoKiihamaki/autodev/internal/tui/view_prd.go:40.2,40.21 1 1
github.com/SimoKiihamaki/autodev/internal/tui/view_prd.go:40.21,42.3 1 1
github.com/SimoKiihamaki/autodev/internal/tui/view_progress.go:64.53,65.20 1 1
github.com/SimoKiihamaki/autodev/internal/tui/view_progress.go:65.20,67.3 1 1
github.com/SimoKiihamaki/autodev/internal/tui/view_progress.go:69.2,71.16 3 1
github.com/SimoKiihamaki/autodev/internal/tui/view_progress.go:71.16,73.3 1 1
github.com/SimoKiihamaki/autodev/internal/tui/view_progress.go:75.2,76.55 2 0
github.com/SimoKiihamaki/autodev/internal/tui/view_progress.go:76.55,78.3 1 0
github.com/SimoKiihamaki/autodev/internal/tui/view_progress.go:80.2,80.22 1 0
github.com/SimoKiihamaki/autodev/internal/tui/view_progress.go:84.46,85.24 1 1
github.com/SimoKiihamaki/autodev/internal/tui/view_progress.go:85.24,88.3 2 1
github.com/SimoKiihamaki/autodev/internal/tui/view_progress.go:92.54,96.22 2 1
github.com/SimoKiihamaki/autodev/internal/tui/view_progress.go:96.22,99.3 2 1
github.com/SimoKiihamaki/autodev/internal/tui/view_progress.go:101.2,101.25 1 0
github.com/SimoKiihamaki/autodev/internal/tui/view_progress.go:101.25,104.3 2 0
github.com/SimoKiihamaki/autodev/internal/tui/view_progress.go:106.2,108.28 3 0
github.com/SimoKiihamaki/autodev/internal/tui/view_progress.go:112.62,115.26 2 1
github.com/SimoKiihamaki/autodev/internal/tui/view_progress.go:115.26,117.3 1 1
github.com/SimoKiihamaki/autodev/internal/tui/view_progress.go:117.8,120.3 2 1
github.com/SimoKiihamaki/autodev/internal/tui/view_progress.go:122.2,132.58 10 1
github.com/SimoKiihamaki/autodev/internal/tui/view_progress.go:136.66,143.47 5 1
github.com/SimoKiihamaki/autodev/internal/tui/view_progress.go:143.47,147.3 1 1
github.com/SimoKiihamaki/autodev/internal/tui/view_progress.go:148.2,156.19 6 1
github.com/SimoKiihamaki/autodev/internal/tui/view_progress.go:156.19,158.3 1 1
github.com/SimoKiihamaki/autodev/internal/tui/view_progress.go:159.2,159.20 1 1
github.com/SimoKiihamaki/autodev/internal/tui/view_progress.go:159.20,161.3 1 1
github.com/SimoKiihamaki/autodev/internal/tui/view_progress.go:162.2,162.16 1 1
github.com/SimoKiihamaki/autodev/internal/tui/view_progress.go:162.16,164.3 1 0
github.com/SimoKiihamaki/autodev/internal/tui/view_progress.go:165.2,165.17 1 1
github.com/SimoKiihamaki/autodev/internal/tui/view_progress.go:165.17,167.3 1 1
github.com/SimoKiihamaki/autodev/internal/tui/view_progress.go:168.2,173.15 4 1
github.com/SimoKiihamaki/autodev/internal/tui/view_progress.go:173.15,176.3 2 1
github.com/SimoKiihamaki/autodev/internal/tui/view_progress.go:180.62,183.43 2 1
github.com/SimoKiihamaki/autodev/internal/tui/view_progress.go:183.43,193.38 5 1
github.com/SimoKiihamaki/autodev/internal/tui/view_progress.go:193.38,196.4 2 1
github.com/SimoKiihamaki/autodev/internal/tui/view_progress.go:201.56,204.2 2 1
github.com/SimoKiihamaki/autodev/internal/tui/view_progress.go:207.99,208.29 1 1
github.com/SimoKiihamaki/autodev/internal/tui/view_progress.go:208.29,209.19 1 1
github.com/SimoKiihamaki/autodev/internal/tui/view_progress.go:210.32,211.15 1 1
github.com/SimoKiihamaki/autodev/internal/tui/view_progress.go:212.22,213.16 1 1
github.com/SimoKiihamaki/autodev/internal/tui/view_progress.go:214.29,215.13 1 1
github.com/SimoKiihamaki/autodev/internal/tui/view_progress.go:216.17,217.12 1 1
github.com/SimoKiihamaki/autodev/internal/tui/view_progress.go:220.2,220.8 1 1
github.com/SimoKiihamaki/autodev/internal/tui/view_progress.go:228.27,230.26 2 1
github.com/SimoKiihamaki/autodev/internal/tui/view_progress.go:230.26,231.30 1 1
github.com/SimoKiihamaki/autodev/internal/tui/view_progress.go:231.30,233.4 1 1
github.com/SimoKiihamaki/autodev/internal/tui/view_progress.go:235.2,235.8 1 1
github.com/SimoKiihamaki/autodev/internal/tui/view_progress.go:239.46,240.16 1 1
github.com/SimoKiihamaki/autodev/internal/tui/view_progress.go:241.31,242.31 1 1
github.com/SimoKiihamaki/autodev/internal/tui/view_progress.go:243.21,244.39 1 1
github.com/SimoKiihamaki/autodev/internal/tui/view_progress.go:245.16,246.34 1 1
github.com/SimoKiihamaki/autodev/internal/tui/view_progress.go:247.17,248.34 1 1
github.com/SimoKiihamaki/autodev/internal/tui/view_progress.go:249.10,250.33 1 1
github.com/SimoKiihamaki/autodev/internal/tui/view_progress.go:255.44,256.18 1 1
github.com/SimoKiihamaki/autodev/internal/tui/view_progress.go:257.18,258.37 1 1
github.com/SimoKiihamaki/autodev/internal/tui/view_progress.go:259.14,260.42 1 1
github.com/SimoKiihamaki/autodev/internal/tui/view_progress.go:261.16,262.35 1 1
github.com/SimoKiihamaki/autodev/internal/tui/view_progress.go:263.10,264.35 1 1
github.com/SimoKiihamaki/autodev/internal/tui/view_progress.go:269.48,270.20 1 1
github.com/SimoKiihamaki/autodev/internal/tui/view_progress.go:271.12,272.33 1 1
github.com/SimoKiihamaki/autodev/internal/tui/view_progress.go:273.11,274.37 1 1
github.com/SimoKiihamaki/autodev/internal/tui/view_progress.go:275.11,276.31 1 1
github.com/SimoKiihamaki/autodev/internal/tui/view_progress.go:277.10,278.31 1 1
github.com/SimoKiihamaki/autodev/internal/tui/view_progress.go:283.62,285.20 2 1
github.com/SimoKiihamaki/autodev/internal/tui/view_progress.go:285.20,287.3 1 1
github.com/SimoKiihamaki/autodev/internal/tui/view_progress.go:288.2,288.16 1 1
github.com/SimoKiihamaki/autodev/internal/tui/view_progress.go:288.16,290.3 1 1
github.com/SimoKiihamaki/autodev/internal/tui/view_progress.go:292.2,293.52 2 1
github.com/SimoKiihamaki/autodev/internal/tui/view_progress.go:297.40,299.19 1 1
github.com/SimoKiihamaki/autodev/internal/tui/view_progress.go:299.19,301.3 1 1
github.com/SimoKiihamaki/autodev/internal/tui/view_progress.go:302.2,302.11 1 1
github.com/SimoKiihamaki/autodev/internal/tui/view_prompt.go:8.52,12.24 3 0
github.com/SimoKiihamaki/autodev/internal/tui/view_prompt.go:12.24,14.3 1 0
github.com/SimoKiihamaki/autodev/internal/tui/view_prompt.go:14.8,16.3 1 0
github.com/SimoKiihamaki/autodev/internal/tui/view_run.go:9.49,10.40 1 1
github.com/SimoKiihamaki/autodev/internal/tui/view_run.go:10.40,13.3 2 1
github.com/SimoKiihamaki/autodev/internal/tui/view_run.go:14.2,14.21 1 0
github.com/SimoKiihamaki/autodev/internal/tui/view_run.go:18.54,22.56 2 1
github.com/SimoKiihamaki/autodev/internal/tui/view_run.go:22.56,24.3 1 0
github.com/SimoKiihamaki/autodev/internal/tui/view_run.go:26.2,29.19 4 1
github.com/SimoKiihamaki/autodev/internal/tui/view_run.go:29.19,31.3 1 0
github.com/SimoKiihamaki/autodev/internal/tui/view_run.go:32.2,39.27 7 1
github.com/SimoKiihamaki/autodev/internal/tui/view_run.go:43.49,47.56 2 0
github.com/SimoKiihamaki/autodev/internal/tui/view_run.go:47.56,49.3 1 0
github.com/SimoKiihamaki/autodev/internal/tui/view_run.go:51.2,54.19 4 0
github.com/SimoKiihamaki/autodev/internal/tui/view_run.go:54.19,56.3 1 0
github.com/SimoKiihamaki/autodev/internal/tui/view_run.go:57.2,60.20 3 0
github.com/SimoKiihamaki/autodev/internal/tui/view_run.go:60.20,62.3 1 0
github.com/SimoKiihamaki/autodev/internal/tui/view_run.go:62.8,62.27 1 0
github.com/SimoKiihamaki/autodev/internal/tui/view_run.go:62.27,64.3 1 0
github.com/SimoKiihamaki/autodev/internal/tui/view_run.go:64.8,66.3 1 0
github.com/SimoKiihamaki/autodev/internal/tui/view_run.go:67.2,67.102 1 0
github.com/SimoKiihamaki/autodev/internal/tui/view_run.go:71.51,72.9 1 1
github.com/SimoKiihamaki/autodev/internal/tui/view_run.go:73.17,74.100 1 0
github.com/SimoKiihamaki/autodev/internal/tui/view_run.go:75.22,76.96 1 1
github.com/SimoKiihamaki/autodev/internal/tui/view_run.go:77.22,78.70 1 0
github.com/SimoKiihamaki/autodev/internal/tui/view_run.go:79.10,80.65 1 0
github.com/SimoKiihamaki/autodev/internal/tui/view_run.go:85.51,87.23 2 1
github.com/SimoKiihamaki/autodev/internal/tui/view_run.go:87.23,89.3 1 0
github.com/SimoKiihamaki/autodev/internal/tui/view_run.go:91.2,92.57 2 1
github.com/SimoKiihamaki/autodev/internal/tui/view_run.go:92.57,94.3 1 0
github.com/SimoKiihamaki/autodev/internal/tui/view_run.go:95.2,99.80 4 1
github.com/SimoKiihamaki/autodev/internal/tui/view_run.go:99.80,101.3 1 1
github.com/SimoKiihamaki/autodev/internal/tui/view_run.go:102.2,102.87 1 1
github.com/SimoKiihamaki/autodev/internal/tui/view_run.go:102.87,104.3 1 1
github.com/SimoKiihamaki/autodev/internal/tui/view_run.go:105.2,105.99 1 1
github.com/SimoKiihamaki/autodev/internal/tui/view_run.go:105.99,107.3 1 1
github.com/SimoKiihamaki/autodev/internal/tui/view_run.go:108.2,108.80 1 1
github.com/SimoKiihamaki/autodev/internal/tui/view_run.go:108.80,110.3 1 1
github.com/SimoKiihamaki/autodev/internal/tui/view_run.go:111.2,111.20 1 1
github.com/SimoKiihamaki/autodev/internal/tui/view_run.go:111.20,113.3 1 1
github.com/SimoKiihamaki/autodev/internal/tui/view_run.go:117.54,119.17 2 1
github.com/SimoKiihamaki/autodev/internal/tui/view_run.go:119.17,120.16 1 1
github.com/SimoKiihamaki/autodev/internal/tui/view_run.go:120.16,122.4 1 0
github.com/SimoKiihamaki/autodev/internal/tui/view_run.go:122.9,124.4 1 1
github.com/SimoKiihamaki/autodev/internal/tui/view_run.go:127.2,128.19 2 1
github.com/SimoKiihamaki/autodev/internal/tui/view_run.go:128.19,129.16 1 1
github.com/SimoKiihamaki/autodev/internal/tui/view_run.go:129.16,131.4 1 0
github.com/SimoKiihamaki/autodev/internal/tui/view_run.go:131.9,133.4 1 1
github.com/SimoKiihamaki/autodev/internal/tui/view_run.go:136.2,137.20 2 1
github.com/SimoKiihamaki/autodev/internal/tui/view_run.go:137.20,139.3 1 1
github.com/SimoKiihamaki/autodev/internal/tui/view_run.go:141.2,142.24 2 1
github.com/SimoKiihamaki/autodev/internal/tui/view_run.go:142.24,144.3 1 1
github.com/SimoKiihamaki/autodev/internal/tui/view_run.go:146.2,152.48 6 1
github.com/SimoKiihamaki/autodev/internal/tui/view_run.go:156.45,157.9 1 1
github.com/SimoKiihamaki/autodev/internal/tui/view_run.go:158.44,159.24 1 0
github.com/SimoKiihamaki/autodev/internal/tui/view_run.go:160.28,162.10 2 0
github.com/SimoKiihamaki/autodev/internal/tui/view_run.go:163.27,164.70 1 0
github.com/SimoKiihamaki/autodev/internal/tui/view_run.go:165.43,166.53 1 0
github.com/SimoKiihamaki/autodev/internal/tui/view_run.go:167.11,168.51 1 0
github.com/SimoKiihamaki/autodev/internal/tui/view_run.go:170.3,170.27 1 0
github.com/SimoKiihamaki/autodev/internal/tui/view_run.go:170.27,172.4 1 0
github.com/SimoKiihamaki/autodev/internal/tui/view_run.go:173.3,173.19 1 0
github.com/SimoKiihamaki/autodev/internal/tui/view_run.go:174.28,175.24 1 0
github.com/SimoKiihamaki/autodev/internal/tui/view_run.go:176.10,177.12 1 1
github.com/SimoKiihamaki/autodev/internal/tui/view_run.go:182.50,184.9 2 1
github.com/SimoKiihamaki/autodev/internal/tui/view_run.go:185.43,186.22 1 1
github.com/SimoKiihamaki/autodev/internal/tui/view_run.go:187.20,188.24 1 0
github.com/SimoKiihamaki/autodev/internal/tui/view_run.go:190.2,193.25 3 1
github.com/SimoKiihamaki/autodev/internal/tui/view_run.go:193.25,195.3 1 0
github.com/SimoKiihamaki/autodev/internal/tui/view_run.go:195.8,195.30 1 1
github.com/SimoKiihamaki/autodev/internal/tui/view_run.go:195.30,197.3 1 0
github.com/SimoKiihamaki/autodev/internal/tui/view_run.go:201.55,202.15 1 1
github.com/SimoKiihamaki/autodev/internal/tui/view_run.go:202.15,204.3 1 0
github.com/SimoKiihamaki/autodev/internal/tui/view_run.go:204.8,207.3 2 1
github.com/SimoKiihamaki/autodev/internal/tui/view_run.go:211.44,212.19 1 1
github.com/SimoKiihamaki/autodev/internal/tui/view_run.go:212.19,214.16 2 0
github.com/SimoKiihamaki/autodev/internal/tui/view_run.go:214.16,216.4 1 0
github.com/SimoKiihamaki/autodev/internal/tui/view_run.go:217.3,217.80 1 0
github.com/SimoKiihamaki/autodev/internal/tui/view_run.go:219.2,221.16 2 1
github.com/SimoKiihamaki/autodev/internal/tui/view_run.go:221.16,223.3 1 0
github.com/SimoKiihamaki/autodev/internal/tui/view_run.go:224.2,224.13 1 1
github.com/SimoKiihamaki/autodev/internal/tui/view_run.go:224.13,226.3 1 0
github.com/SimoKiihamaki/autodev/internal/tui/view_run.go:227.2,227.17 1 1
github.com/SimoKiihamaki/autodev/internal/tui/view_run.go:227.17,229.3 1 0
github.com/SimoKiihamaki/autodev/internal/tui/view_run.go:231.2,231.21 1 1
github.com/SimoKiihamaki/autodev/internal/tui/view_run.go:231.21,233.3 1 1
github.com/SimoKiihamaki/autodev/internal/tui/view_run.go:235.2,235.35 1 0
github.com/SimoKiihamaki/autodev/internal/tui/view_run.go:239.59,240.16 1 0
github.com/SimoKiihamaki/autodev/internal/tui/view_run.go:240.16,242.3 1 0
github.com/SimoKiihamaki/autodev/internal/tui/view_run.go:244.2,252.16 3 0
github.com/SimoKiihamaki/autodev/internal/tui/view_run.go:252.16,254.3 1 0
github.com/SimoKiihamaki/autodev/internal/tui/view_run.go:255.2,255.13 1 0
github.com/SimoKiihamaki/autodev/internal/tui/view_run.go:255.13,257.3 1 0
github.com/SimoKiihamaki/autodev/internal/tui/view_run.go:258.2,258.17 1 0
github.com/SimoKiihamaki/autodev/internal/tui/view_run.go:258.17,260.3 1 0
github.com/SimoKiihamaki/autodev/internal/tui/view_run.go:263.2,264.31 2 0
github.com/SimoKiihamaki/autodev/internal/tui/view_run.go:264.31,265.17 1 0
github.com/SimoKiihamaki/autodev/internal/tui/view_run.go:265.17,267.9 2 0
github.com/SimoKiihamaki/autodev/internal/tui/view_run.go:270.2,270.21 1 0
github.com/SimoKiihamaki/autodev/internal/tui/view_run.go:270.21,272.3 1 0
github.com/SimoKiihamaki/autodev/internal/tui/view_run.go:275.2,279.31 3 0
github.com/SimoKiihamaki/autodev/internal/tui/view_run.go:279.31,280.29 1 0
github.com/SimoKiihamaki/autodev/internal/tui/view_run.go:280.29,282.9 2 0
github.com/SimoKiihamaki/autodev/internal/tui/view_run.go:287.2,287.22 1 0
github.com/SimoKiihamaki/autodev/internal/tui/view_run.go:287.22,288.21 1 0
github.com/SimoKiihamaki/autodev/internal/tui/view_run.go:288.21,290.4 1 0
github.com/SimoKiihamaki/autodev/internal/tui/view_run.go:291.3,291.21 1 0
github.com/SimoKiihamaki/autodev/internal/tui/view_run.go:295.2,295.28 1 0
github.com/SimoKiihamaki/autodev/internal/tui/view_run.go:295.28,297.3 1 0
github.com/SimoKiihamaki/autodev/internal/tui/view_run.go:298.2,298.29 1 0
github.com/SimoKiihamaki/autodev/internal/tui/view_run.go:298.29,300.3 1 0
github.com/SimoKiihamaki/autodev/internal/tui/view_run.go:301.2,301.20 1 0
github.com/SimoKiihamaki/autodev/internal/tui/view_run.go:307.53,311.9 2 0
github.com/SimoKiihamaki/autodev/internal/tui/view_run.go:317.20,318.17 1 0
github.com/SimoKiihamaki/autodev/internal/tui/view_run.go:324.41,325.14 1 0
github.com/SimoKiihamaki/autodev/internal/tui/view_run.go:331.81,332.18 1 0
github.com/SimoKiihamaki/autodev/internal/tui/view_run.go:334.10,335.12 1 0
github.com/SimoKiihamaki/autodev/internal/tui/view_settings.go:24.54,33.2 7 1
github.com/SimoKiihamaki/autodev/internal/tui/view_settings.go:36.57,45.2 4 1
github.com/SimoKiihamaki/autodev/internal/tui/view_settings.go:48.56,56.30 6 1
github.com/SimoKiihamaki/autodev/internal/tui/view_settings.go:56.30,60.3 1 0
github.com/SimoKiihamaki/autodev/internal/tui/view_settings.go:62.2,71.42 4 1
github.com/SimoKiihamaki/autodev/internal/tui/view_settings.go:75.54,90.2 6 1
github.com/SimoKiihamaki/autodev/internal/tui/view_settings.go:95.52,118.2 7 1
github.com/SimoKiihamaki/autodev/internal/tui/view_settings.go:121.55,129.2 4 1
github.com/SimoKiihamaki/autodev/internal/tui/view_settings.go:132.54,133.26 1 1
github.com/SimoKiihamaki/autodev/internal/tui/view_settings.go:133.26,134.39 1 1
github.com/SimoKiihamaki/autodev/internal/tui/view_settings.go:134.39,136.4 1 1
github.com/SimoKiihamaki/autodev/internal/tui/view_settings.go:136.9,138.4 1 1
github.com/SimoKiihamaki/autodev/internal/tui/view_settings.go:139.8,141.3 1 1
github.com/SimoKiihamaki/autodev/internal/tui/view_settings.go:144.2,144.102 1 1
github.com/SimoKiihamaki/autodev/internal/tui/view_settings.go:144.102,146.3 1 0
github.com/SimoKiihamaki/autodev/internal/tui/view_settings.go:150.59,151.26 1 1
github.com/SimoKiihamaki/autodev/internal/tui/view_settings.go:151.26,152.17 1 1
github.com/SimoKiihamaki/autodev/internal/tui/view_settings.go:152.17,154.4 1 1
github.com/SimoKiihamaki/autodev/internal/tui/view_settings.go:156.2,156.14 1 1
github.com/SimoKiihamaki/autodev/internal/tui/view_settings.go:160.85,165.2 4 1
github.com/SimoKiihamaki/autodev/internal/tui/view_settings.go:168.62,170.14 2 1
github.com/SimoKiihamaki/autodev/internal/tui/view_settings.go:170.14,172.3 1 1
github.com/SimoKiihamaki/autodev/internal/tui/view_settings.go:173.2,173.27 1 1
github.com/SimoKiihamaki/autodev/internal/tui/view_settings.go:177.46,178.14 1 1
github.com/SimoKiihamaki/autodev/internal/tui/view_settings.go:179.21,180.28 1 1
github.com/SimoKiihamaki/autodev/internal/tui/view_settings.go:181.18,182.25 1 1
github.com/SimoKiihamaki/autodev/internal/tui/view_settings.go:183.22,184.29 1 1
github.com/SimoKiihamaki/autodev/internal/tui/view_settings.go:185.10,186.14 1 1
